"street","sale_price","sale_date","area","eq_area","atts","beds","baths","car_space","garage","ensuite"
"Aberfeldy Avenue Edwardstown SA 5039",440000,2010-10-14,685,112," 2 Beds, 1 Baths, 1 Car Spaces, 1 Lock Up Garages",2,1,1,1,0
"Aberfeldy Avenue Edwardstown SA 5039",175000,2002-01-10,660,120," 3 Beds, 1 Lock Up Garages",3,0,0,1,0
"Aberfeldy Avenue Edwardstown SA 5039",168000,2009-11-30,660,106," 3 Beds",3,0,0,0,0
"Aberfeldy Avenue Edwardstown SA 5039",360500,2008-06-30,673,146," 3 Beds, 2 Baths, 1 Car Spaces",3,2,1,0,0
"Aberfeldy Avenue Edwardstown SA 5039",97000,2000-01-07,452,113,"",0,0,0,0,0
"Aberfeldy Avenue Edwardstown SA 5039",450000,2008-01-20,660,235," 9 Beds, 2 Baths, 1 Ensuites",9,2,0,0,1
"Aberfeldy Avenue Edwardstown SA 5039",310000,2003-12-10,336,122," 3 Beds, 1 Car Spaces, 1 Lock Up Garages",3,0,1,1,0
"Aberfeldy Avenue Edwardstown SA 5039",305000,2004-12-21,669,127," 3 Beds, 1 Baths, 2 Car Spaces, 1 Lock Up Garages",3,1,2,1,0
"Adelaide Terrace Edwardstown SA 5039",135000,2002-12-20,57,110," 3 Beds, 1 Baths, 2 Car Spaces, 2 Lock Up Garages, 2 Ensuites",3,1,2,2,2
"Adelaide Terrace Edwardstown SA 5039",227775,2007-02-28,37,110," 3 Beds, 2 Baths, 2 Car Spaces, 2 Ensuites",3,2,2,0,2
"Adelaide Terrace Edwardstown SA 5039",151000,2003-02-20,56,110," 3 Beds, 2 Baths, 2 Car Spaces, 2 Lock Up Garages, 2 Ensuites",3,2,2,2,2
"Adelaide Terrace Edwardstown SA 5039",130000,2000-10-13,800,136," 3 Beds, 1 Baths",3,1,0,0,0
"Adelaide Terrace Edwardstown SA 5039",356000,2009-12-01,700,113," 3 Beds, 1 Baths, 1 Lock Up Garages",3,1,0,1,0
"Adelaide Terrace Edwardstown SA 5039",256000,2003-10-27,700,94," 3 Beds, 1 Baths, 1 Car Spaces",3,1,1,0,0
"Adelaide Terrace Edwardstown SA 5039",315000,2008-08-22,331,94,"",0,0,0,0,0
"Adelaide Terrace Edwardstown SA 5039",220500,2004-06-18,1200,106," 3 Beds, 2 Lock Up Garages",3,0,0,2,0
"Adelaide Terrace Edwardstown SA 5039",165000,2002-11-27,700,85," 3 Beds",3,0,0,0,0
"Adelaide Terrace Edwardstown SA 5039",258000,2004-02-26,700,118," 3 Beds, 1 Baths, 3 Car Spaces",3,1,3,0,0
"Allambee Avenue Edwardstown SA 5039",380000,2008-05-28,900,104," 4 Beds, 1 Baths, 1 Car Spaces, 1 Lock Up Garages",4,1,1,1,0
"Allambee Avenue Edwardstown SA 5039",297500,2006-03-16,700,127," 3 Beds, 1 Baths",3,1,0,0,0
"Allambee Avenue Edwardstown SA 5039",396000,2008-12-05,900,159," 2 Beds, 1 Baths, 1 Car Spaces, 1 Lock Up Garages",2,1,1,1,0
"Allambee Avenue Edwardstown SA 5039",245000,2005-11-08,900,88," 3 Beds, 2 Baths, 1 Car Spaces, 1 Lock Up Garages, 1 Ensuites",3,2,1,1,1
"Allambee Avenue Edwardstown SA 5039",4e+05,2008-01-26,445,136," 3 Beds, 2 Baths, 1 Car Spaces, 1 Lock Up Garages, 2 Ensuites",3,2,1,1,2
"Allambee Avenue Edwardstown SA 5039",115000,2006-11-16,900,104," 3 Beds, 1 Lock Up Garages, 1 Ensuites",3,0,0,1,1
"Allambee Avenue Edwardstown SA 5039",168049,2004-05-10,NA,98,"",0,0,0,0,0
"Allambee Avenue Edwardstown SA 5039",150000,2001-01-16,800,90,"",0,0,0,0,0
"Allambee Avenue Edwardstown SA 5039",207000,2003-06-18,800,113," 3 Beds",3,0,0,0,0
"Allambee Avenue Edwardstown SA 5039",205000,2003-01-28,800,103," 3 Beds, 1 Baths, 5 Car Spaces, 1 Lock Up Garages",3,1,5,1,0
"Angus Avenue Edwardstown SA 5039",335000,2003-07-02,1273,145," 3 Beds, 2 Baths",3,2,0,0,0
"Angus Avenue Edwardstown SA 5039",170000,2001-11-16,928,114," 3 Beds, 1 Baths, 1 Car Spaces, 1 Lock Up Garages",3,1,1,1,0
"Angus Avenue Edwardstown SA 5039",250000,2004-11-04,762,95," 3 Beds, 1 Baths, 1 Car Spaces, 1 Lock Up Garages",3,1,1,1,0
"Angus Avenue Edwardstown SA 5039",180000,2008-12-19,12,69," 2 Beds, 1 Baths, 1 Car Spaces, 1 Lock Up Garages",2,1,1,1,0
"Angus Avenue Edwardstown SA 5039",370000,2008-09-15,772,100," 4 Beds, 2 Baths, 2 Car Spaces, 1 Lock Up Garages",4,2,2,1,0
"Angus Avenue Edwardstown SA 5039",240000,2005-12-02,928,103," 3 Beds, 1 Baths, 1 Car Spaces",3,1,1,0,0
"Angus Avenue Edwardstown SA 5039",230000,2009-04-08,140,70,"",0,0,0,0,0
"Angus Avenue Edwardstown SA 5039",229000,2010-06-03,62,63," 2 Beds, 1 Baths, 1 Car Spaces, 1 Lock Up Garages",2,1,1,1,0
"Angus Avenue Edwardstown SA 5039",268000,2004-02-25,738,100," 3 Beds",3,0,0,0,0
"Arabrie Avenue Edwardstown SA 5039",110000,2000-09-08,700,100,"",0,0,0,0,0
"Arabrie Avenue Edwardstown SA 5039",270000,2007-11-30,447,68," 2 Beds, 1 Baths, 2 Car Spaces, 1 Lock Up Garages",2,1,2,1,0
"Arabrie Avenue Edwardstown SA 5039",275000,2008-05-16,458,81," 2 Beds, 1 Baths, 2 Car Spaces",2,1,2,0,0
"Arabrie Avenue Edwardstown SA 5039",270000,2010-05-17,700,109," 2 Beds",2,0,0,0,0
"Blairgowrie Avenue Edwardstown SA 5039",196000,2003-01-16,607,110," 2 Beds, 1 Lock Up Garages, 2 Ensuites",2,0,0,1,2
"Blairgowrie Avenue Edwardstown SA 5039",350000,2010-12-06,612,102," 3 Beds, 2 Baths, 2 Car Spaces, 2 Lock Up Garages, 1 Ensuites",3,2,2,2,1
"Calstock Avenue Edwardstown SA 5039",435000,2010-02-10,375,145," 3 Beds, 2 Baths, 1 Car Spaces, 2 Ensuites",3,2,1,0,2
"Calstock Avenue Edwardstown SA 5039",335000,2009-04-16,600,120," 3 Beds, 1 Baths, 1 Car Spaces, 1 Lock Up Garages",3,1,1,1,0
"Calstock Avenue Edwardstown SA 5039",305000,2007-11-05,514,92," 3 Beds, 1 Baths, 1 Car Spaces, 2 Lock Up Garages",3,1,1,2,0
"Calstock Avenue Edwardstown SA 5039",83000,2009-10-26,700,105," 3 Beds, 1 Baths, 2 Car Spaces",3,1,2,0,0
"Carramar Avenue Edwardstown SA 5039",267500,2005-08-26,900,102," 3 Beds, 1 Baths, 1 Car Spaces, 2 Lock Up Garages",3,1,1,2,0
"Carramar Avenue Edwardstown SA 5039",291200,2005-09-27,339,98," 2 Beds, 1 Baths, 1 Car Spaces",2,1,1,0,0
"Carramar Avenue Edwardstown SA 5039",260000,2006-01-31,900,107," 2 Beds, 1 Baths, 2 Car Spaces, 1 Lock Up Garages",2,1,2,1,0
"Carramar Avenue Edwardstown SA 5039",295000,2006-09-07,900,110," 3 Beds, 1 Baths, 2 Car Spaces",3,1,2,0,0
"Carramar Avenue Edwardstown SA 5039",449000,2008-09-04,446,168," 3 Beds, 1 Baths, 2 Car Spaces, 2 Lock Up Garages",3,1,2,2,0
"Carramar Avenue Edwardstown SA 5039",135000,2002-01-21,900,92," 2 Beds",2,0,0,0,0
"Carramar Avenue Edwardstown SA 5039",360000,2007-02-13,530,137," 3 Beds, 1 Baths, 2 Car Spaces",3,1,2,0,0
"Castle Street Edwardstown SA 5039",340000,2009-10-15,627,108," 2 Beds, 1 Baths",2,1,0,0,0
"Castle Street Edwardstown SA 5039",380000,2009-06-10,350,137," 3 Beds, 1 Baths, 2 Car Spaces, 2 Lock Up Garages",3,1,2,2,0
"Castle Street Edwardstown SA 5039",220000,2002-06-21,350,145," 3 Beds, 1 Lock Up Garages",3,0,0,1,0
"Castle Street Edwardstown SA 5039",345000,2007-05-24,329,145," 3 Beds, 1 Baths, 2 Car Spaces, 1 Lock Up Garages",3,1,2,1,0
"Castle Street Edwardstown SA 5039",300105,2004-04-02,335,143,"",0,0,0,0,0
"Castle Street Edwardstown SA 5039",360000,2006-11-27,424,142," 3 Beds, 1 Baths, 2 Car Spaces",3,1,2,0,0
"Castle Street Edwardstown SA 5039",108000,2000-02-28,711,112," 3 Beds, 1 Car Spaces, 1 Lock Up Garages",3,0,1,1,0
"Castle Street Edwardstown SA 5039",290000,2009-12-03,711,107," 4 Beds, 2 Baths, 1 Car Spaces",4,2,1,0,0
"Castle Street Edwardstown SA 5039",133333,2008-11-10,883,123," 3 Beds, 1 Baths, 2 Car Spaces",3,1,2,0,0
"Castle Street Edwardstown SA 5039",535000,2008-05-01,920,209,"",0,0,0,0,0
"Castle Street Edwardstown SA 5039",330000,2006-02-17,883,118," 5 Beds, 2 Baths, 4 Car Spaces",5,2,4,0,0
"Castle Street Edwardstown SA 5039",550000,2010-12-29,920,175," 5 Beds, 2 Baths, 4 Car Spaces",5,2,4,0,0
"Castle Street Edwardstown SA 5039",455000,2007-10-26,920,125," 5 Beds, 2 Baths, 1 Car Spaces",5,2,1,0,0
"Castle Street Edwardstown SA 5039",143500,2000-08-29,762,110," 4 Beds, 2 Baths, 2 Car Spaces",4,2,2,0,0
"Castle Street Edwardstown SA 5039",436000,2009-11-25,599,120," 3 Beds, 1 Baths, 2 Car Spaces",3,1,2,0,0
"Castle Street Edwardstown SA 5039",395000,2008-05-30,588,146," 3 Beds, 1 Baths, 2 Car Spaces",3,1,2,0,0
"Castle Street Edwardstown SA 5039",149000,2000-12-18,369,112,"",0,0,0,0,0
"Castle Street Edwardstown SA 5039",2e+05,2002-09-26,330,112," 3 Beds, 1 Car Spaces",3,0,1,0,0
"Castle Street Edwardstown SA 5039",397000,2007-03-29,808,185," 4 Beds, 2 Baths, 2 Car Spaces, 1 Lock Up Garages",4,2,2,1,0
"Christina Street Edwardstown SA 5039",344000,2009-09-22,936,107," 3 Beds, 1 Baths, 2 Car Spaces, 1 Lock Up Garages",3,1,2,1,0
"Collins Avenue Edwardstown SA 5039",5300,2007-06-27,900,100," 3 Beds, 1 Baths, 5 Car Spaces, 5 Lock Up Garages",3,1,5,5,0
"Collins Avenue Edwardstown SA 5039",115000,2001-02-16,400,80," 2 Beds, 1 Baths, 2 Car Spaces",2,1,2,0,0
"Collins Avenue Edwardstown SA 5039",155000,2000-05-04,1200,125,"",0,0,0,0,0
"Collins Avenue Edwardstown SA 5039",430000,2010-12-17,312,134," 4 Beds, 1 Baths, 1 Car Spaces",4,1,1,0,0
"Collins Avenue Edwardstown SA 5039",285000,2005-09-29,629,136," 3 Beds, 1 Baths",3,1,0,0,0
"Collins Avenue Edwardstown SA 5039",340000,2009-03-05,423,118," 2 Beds, 1 Baths, 2 Car Spaces, 2 Lock Up Garages",2,1,2,2,0
"Collins Avenue Edwardstown SA 5039",220000,2003-04-16,900,140,"",0,0,0,0,0
"Conmurra Avenue Edwardstown SA 5039",1218063,2004-09-03,2680,170,"",0,0,0,0,0
"Conmurra Avenue Edwardstown SA 5039",275000,2003-11-28,743,92," 3 Beds, 1 Baths",3,1,0,0,0
"Conmurra Avenue Edwardstown SA 5039",250000,2003-11-28,725,102," 2 Beds, 1 Baths, 2 Car Spaces",2,1,2,0,0
"Conmurra Avenue Edwardstown SA 5039",320000,2009-01-13,700,89," 3 Beds, 1 Baths, 1 Car Spaces, 1 Lock Up Garages",3,1,1,1,0
"Conmurra Avenue Edwardstown SA 5039",230000,2006-04-03,375,91," 2 Beds, 1 Baths, 2 Car Spaces",2,1,2,0,0
"Conmurra Avenue Edwardstown SA 5039",430000,2010-06-17,700,99," 3 Beds, 1 Baths, 1 Car Spaces, 1 Lock Up Garages",3,1,1,1,0
"Conmurra Avenue Edwardstown SA 5039",3966920,2005-06-29,800,91,"",0,0,0,0,0
"Conmurra Avenue Edwardstown SA 5039",130000,2000-05-11,407,119,"",0,0,0,0,0
"Conmurra Avenue Edwardstown SA 5039",330500,2008-05-01,264,119," 3 Beds, 1 Baths, 1 Car Spaces, 1 Lock Up Garages",3,1,1,1,0
"Cross Road Edwardstown SA 5039",446000,2010-01-08,699,157," 2 Beds, 1 Baths, 1 Car Spaces",2,1,1,0,0
"Cross Road Edwardstown SA 5039",140000,2002-01-30,679,94," 2 Car Spaces, 1 Lock Up Garages",0,0,2,1,0
"Cross Road Edwardstown SA 5039",150000,2001-11-08,867,112," 2 Beds",2,0,0,0,0
"Cross Road Edwardstown SA 5039",305000,2007-12-11,658,120," 3 Beds, 1 Baths, 2 Car Spaces",3,1,2,0,0
"Cross Road Edwardstown SA 5039",242000,2004-12-24,628,106," 3 Beds, 1 Baths, 1 Car Spaces, 1 Lock Up Garages",3,1,1,1,0
"Daws Road Edwardstown SA 5039",365000,2008-05-05,700,122," 3 Beds, 2 Baths, 1 Car Spaces, 1 Lock Up Garages",3,2,1,1,0
"Daws Road Edwardstown SA 5039",175000,2002-02-04,700,119," 3 Beds, 1 Baths, 2 Lock Up Garages",3,1,0,2,0
"Daws Road Edwardstown SA 5039",199000,2002-11-22,700,120," 3 Beds, 1 Baths, 2 Car Spaces, 1 Lock Up Garages",3,1,2,1,0
"Daws Road Edwardstown SA 5039",355000,2008-09-04,700,117," 3 Beds, 1 Baths, 1 Car Spaces, 1 Lock Up Garages",3,1,1,1,0
"Daws Road Edwardstown SA 5039",3e+05,2009-10-07,1000,160," 3 Beds, 1 Baths, 1 Car Spaces, 1 Lock Up Garages",3,1,1,1,0
"De Laine Avenue Edwardstown SA 5039",493000,2009-09-07,1000,133," 3 Beds, 1 Baths, 2 Lock Up Garages",3,1,0,2,0
"De Laine Avenue Edwardstown SA 5039",355000,2007-04-19,281,127,"",0,0,0,0,0
"De Laine Avenue Edwardstown SA 5039",394000,2009-10-09,272,127," 3 Beds, 1 Baths, 1 Lock Up Garages",3,1,0,1,0
"De Laine Avenue Edwardstown SA 5039",405000,2008-10-16,259,153," 3 Beds, 1 Baths, 1 Car Spaces, 1 Lock Up Garages",3,1,1,1,0
"De Laine Avenue Edwardstown SA 5039",220500,2002-11-13,600,94," 3 Beds, 2 Baths, 2 Car Spaces",3,2,2,0,0
"De Laine Avenue Edwardstown SA 5039",179000,2001-11-02,647,93," 1 Car Spaces, 1 Lock Up Garages",0,0,1,1,0
"De Laine Avenue Edwardstown SA 5039",285000,2006-08-14,273,105," 2 Beds, 1 Baths, 1 Car Spaces, 1 Lock Up Garages",2,1,1,1,0
"De Laine Avenue Edwardstown SA 5039",147000,2000-12-07,192,95,"",0,0,0,0,0
"De Laine Avenue Edwardstown SA 5039",146000,2000-12-07,194,95," 2 Beds, 1 Baths, 1 Car Spaces, 1 Lock Up Garages",2,1,1,1,0
"De Laine Avenue Edwardstown SA 5039",350000,2008-01-03,388,118," 3 Beds, 1 Baths, 2 Car Spaces, 2 Lock Up Garages",3,1,2,2,0
"De Laine Avenue Edwardstown SA 5039",455000,2010-06-10,259,155," 3 Beds, 2 Baths, 1 Car Spaces, 1 Lock Up Garages, 2 Ensuites",3,2,1,1,2
"De Laine Avenue Edwardstown SA 5039",270500,2003-05-16,1100,171," 3 Beds, 1 Baths, 4 Lock Up Garages",3,1,0,4,0
"De Laine Avenue Edwardstown SA 5039",325000,2007-02-22,208,121,"",0,0,0,0,0
"De Laine Avenue Edwardstown SA 5039",255000,2005-08-25,187,110,"",0,0,0,0,0
"De Laine Avenue Edwardstown SA 5039",308000,2009-09-03,131,129," 3 Beds, 1 Baths, 1 Car Spaces, 1 Lock Up Garages",3,1,1,1,0
"De Laine Avenue Edwardstown SA 5039",420000,2010-10-05,956,137," 4 Beds, 1 Baths, 1 Car Spaces",4,1,1,0,0
"De Laine Avenue Edwardstown SA 5039",395000,2009-02-02,508,184," 3 Beds, 1 Baths, 1 Lock Up Garages",3,1,0,1,0
"De Laine Avenue Edwardstown SA 5039",350000,2008-12-05,669,200," 3 Beds, 1 Baths, 2 Car Spaces, 2 Lock Up Garages",3,1,2,2,0
"Deloraine Court Edwardstown SA 5039",325000,2010-03-11,246,75," 2 Beds, 1 Baths, 1 Car Spaces, 1 Lock Up Garages",2,1,1,1,0
"Deloraine Road Edwardstown SA 5039",90000,2000-06-22,1100,90,"",0,0,0,0,0
"Deloraine Road Edwardstown SA 5039",370000,2009-03-27,800,115," 3 Beds, 1 Baths, 4 Car Spaces, 4 Lock Up Garages",3,1,4,4,0
"Deloraine Road Edwardstown SA 5039",144000,2001-12-21,800,91," 3 Beds, 1 Baths, 1 Car Spaces, 1 Lock Up Garages",3,1,1,1,0
"Deloraine Road Edwardstown SA 5039",126600,2000-09-12,600,117,"",0,0,0,0,0
"Deloraine Road Edwardstown SA 5039",138000,2000-07-24,900,98," 4 Beds, 2 Baths, 2 Car Spaces",4,2,2,0,0
"Deloraine Road Edwardstown SA 5039",342000,2010-06-11,512,99," 3 Beds, 1 Baths, 1 Car Spaces",3,1,1,0,0
"Dumbarton Avenue Edwardstown SA 5039",3e+05,2010-10-28,453,62," 3 Beds, 1 Baths",3,1,0,0,0
"Dumbarton Avenue Edwardstown SA 5039",471500,2008-07-31,697,122," 4 Beds, 1 Baths, 2 Car Spaces, 1 Lock Up Garages",4,1,2,1,0
"Dumbarton Avenue Edwardstown SA 5039",490000,2009-04-07,692,170," 4 Beds, 2 Baths, 2 Lock Up Garages",4,2,0,2,0
"Dumbarton Avenue Edwardstown SA 5039",375000,2008-03-27,697,115," 3 Beds, 1 Baths",3,1,0,0,0
"Dumbarton Avenue Edwardstown SA 5039",105000,2001-04-04,766,108," 2 Beds",2,0,0,0,0
"Dumbarton Avenue Edwardstown SA 5039",229000,2003-01-09,766,136," 4 Beds, 1 Baths, 1 Car Spaces, 1 Lock Up Garages",4,1,1,1,0
"Dumbarton Avenue Edwardstown SA 5039",230000,2004-06-25,672,98,"",0,0,0,0,0
"Dumbarton Avenue Edwardstown SA 5039",327500,2004-05-14,699,98," 3 Beds, 1 Baths, 2 Car Spaces, 4 Lock Up Garages",3,1,2,4,0
"Dunorlan Road Edwardstown SA 5039",240000,2005-06-21,743,119," 3 Beds, 1 Baths, 2 Car Spaces, 1 Lock Up Garages",3,1,2,1,0
"Dunorlan Road Edwardstown SA 5039",325000,2009-06-26,493,97," 3 Beds, 1 Baths, 1 Car Spaces",3,1,1,0,0
"Dunorlan Road Edwardstown SA 5039",210000,2005-02-15,506,102,"",0,0,0,0,0
"Dunorlan Road Edwardstown SA 5039",178500,2003-05-13,800,115," 3 Beds, 2 Baths, 3 Car Spaces",3,2,3,0,0
"Emerald Street Edwardstown SA 5039",840000,2010-06-09,370,145,"",0,0,0,0,0
"Emerald Street Edwardstown SA 5039",840000,2010-06-09,370,145,"",0,0,0,0,0
"Emerald Street Edwardstown SA 5039",155000,2001-01-19,740,105,"",0,0,0,0,0
"Emerald Street Edwardstown SA 5039",246000,2006-06-30,740,91," 4 Beds, 2 Baths, 1 Car Spaces, 1 Lock Up Garages",4,2,1,1,0
"Emerald Street Edwardstown SA 5039",380000,2009-02-10,870,105,"",0,0,0,0,0
"Emerald Street Edwardstown SA 5039",125250,2006-11-21,63,52," 3 Beds, 2 Baths, 1 Car Spaces",3,2,1,0,0
"Emerald Street Edwardstown SA 5039",225000,2003-04-10,791,105,"",0,0,0,0,0
"Erudina Avenue Edwardstown SA 5039",560000,2007-08-29,742,138,"",0,0,0,0,0
"Flinders Street Edwardstown SA 5039",625000,2009-11-12,700,141," 3 Beds, 1 Baths",3,1,0,0,0
"Flinders Street Edwardstown SA 5039",140000,2002-05-28,700,118," 3 Beds",3,0,0,0,0
"Flinders Street Edwardstown SA 5039",177000,2003-01-16,700,116," 3 Beds, 1 Baths",3,1,0,0,0
"Flinders Street Edwardstown SA 5039",280000,2006-01-05,751,164," 4 Beds, 1 Baths, 1 Lock Up Garages",4,1,0,1,0
"Flinders Street Edwardstown SA 5039",210000,2007-05-09,244,97," 2 Beds, 1 Baths, 1 Car Spaces, 1 Lock Up Garages",2,1,1,1,0
"Flinders Street Edwardstown SA 5039",385000,2009-06-17,254,97," 3 Beds, 2 Baths, 2 Car Spaces, 2 Lock Up Garages, 2 Ensuites",3,2,2,2,2
"Flinders Street Edwardstown SA 5039",386500,2009-04-02,253,97," 2 Ensuites",0,0,0,0,2
"Flinders Street Edwardstown SA 5039",329000,2006-08-10,700,114," 3 Beds, 1 Baths, 1 Car Spaces",3,1,1,0,0
"Flinders Street Edwardstown SA 5039",385000,2009-03-13,253,97," 3 Beds, 2 Baths, 4 Car Spaces, 2 Lock Up Garages, 2 Ensuites",3,2,4,2,2
"Flinders Street Edwardstown SA 5039",385000,2009-03-27,253,97," 3 Beds, 2 Baths, 2 Car Spaces, 2 Lock Up Garages, 2 Ensuites",3,2,2,2,2
"Flinders Street Edwardstown SA 5039",385000,2009-10-09,253,97," 3 Beds, 2 Baths, 2 Car Spaces, 2 Lock Up Garages, 1 Ensuites",3,2,2,2,1
"Flinders Street Edwardstown SA 5039",385000,2009-05-08,253,97," 2 Ensuites",0,0,0,0,2
"Flinders Street Edwardstown SA 5039",399200,2009-05-20,359,97," 2 Ensuites",0,0,0,0,2
"Flinders Street Edwardstown SA 5039",407500,2008-04-18,700,115," 3 Beds, 1 Baths, 1 Car Spaces, 1 Lock Up Garages",3,1,1,1,0
"Fuller Street Edwardstown SA 5039",346500,2009-02-27,799,100," 3 Beds, 2 Baths, 2 Car Spaces, 1 Lock Up Garages, 1 Ensuites",3,2,2,1,1
"Furness Avenue Edwardstown SA 5039",327000,2009-04-20,900,95," 3 Beds, 1 Baths, 1 Car Spaces",3,1,1,0,0
"Furness Avenue Edwardstown SA 5039",230000,2005-12-20,497,111," 3 Beds, 1 Baths, 1 Car Spaces, 2 Lock Up Garages",3,1,1,2,0
"Furness Avenue Edwardstown SA 5039",219500,2007-02-02,494,86," 3 Beds, 1 Baths, 1 Car Spaces, 1 Lock Up Garages",3,1,1,1,0
"Furness Avenue Edwardstown SA 5039",330000,2007-11-15,423,96,"",0,0,0,0,0
"Furness Avenue Edwardstown SA 5039",232500,2003-12-22,232,105," 3 Beds, 1 Baths, 1 Car Spaces",3,1,1,0,0
"Furness Avenue Edwardstown SA 5039",329950,2008-11-20,409,136,"",0,0,0,0,0
"Furness Avenue Edwardstown SA 5039",485000,2008-04-30,1000,136," 3 Beds, 1 Baths, 3 Car Spaces, 1 Lock Up Garages",3,1,3,1,0
"Furness Avenue Edwardstown SA 5039",429000,2010-07-22,152,140," 3 Beds, 2 Baths, 2 Car Spaces",3,2,2,0,0
"Furness Avenue Edwardstown SA 5039",439000,2010-06-30,195,156," 3 Beds, 1 Baths, 2 Car Spaces, 1 Ensuites",3,1,2,0,1
"Furness Avenue Edwardstown SA 5039",355000,2010-08-06,700,105," 3 Beds, 1 Baths, 2 Car Spaces",3,1,2,0,0
"Gilpipi Avenue Edwardstown SA 5039",327000,2007-06-18,800,92," 3 Beds, 1 Baths, 2 Car Spaces, 2 Lock Up Garages",3,1,2,2,0
"Gilpipi Avenue Edwardstown SA 5039",282500,2006-08-10,800,107," 3 Beds, 1 Baths, 1 Car Spaces",3,1,1,0,0
"Gilpipi Avenue Edwardstown SA 5039",5e+05,2010-10-12,800,152," 4 Beds, 2 Baths, 2 Car Spaces, 6 Lock Up Garages, 2 Ensuites",4,2,2,6,2
"Gilpipi Avenue Edwardstown SA 5039",270000,2006-12-18,800,108," 3 Beds, 1 Baths, 1 Car Spaces",3,1,1,0,0
"Gilpipi Avenue Edwardstown SA 5039",146000,2000-11-24,302,109," 2 Beds, 1 Baths, 1 Lock Up Garages",2,1,0,1,0
"Gurney Street Edwardstown SA 5039",150000,2000-04-27,716,110," 3 Beds, 2 Baths, 4 Car Spaces",3,2,4,0,0
"Gurney Street Edwardstown SA 5039",385500,2007-09-28,716,110," 3 Beds, 1 Baths, 3 Car Spaces, 2 Lock Up Garages",3,1,3,2,0
"Gurney Street Edwardstown SA 5039",265000,2004-01-28,710,91," 3 Beds, 1 Baths, 3 Car Spaces, 2 Lock Up Garages",3,1,3,2,0
"Gurney Street Edwardstown SA 5039",185000,2000-05-25,793,165," 3 Beds, 1 Baths, 3 Car Spaces",3,1,3,0,0
"Gurney Street Edwardstown SA 5039",302000,2004-01-06,793,165," 3 Beds",3,0,0,0,0
"Gurney Street Edwardstown SA 5039",261000,2003-07-10,864,122," 3 Beds",3,0,0,0,0
"Hammersmith Avenue Edwardstown SA 5039",140000,2000-06-14,767,142," 3 Beds, 1 Baths",3,1,0,0,0
"Hammersmith Avenue Edwardstown SA 5039",465000,2010-06-29,759,130," 3 Beds, 2 Baths, 1 Car Spaces, 1 Lock Up Garages, 1 Ensuites",3,2,1,1,1
"Hammersmith Avenue Edwardstown SA 5039",370000,2006-10-05,738,125," 3 Beds, 1 Baths, 1 Car Spaces, 1 Lock Up Garages",3,1,1,1,0
"Hammersmith Avenue Edwardstown SA 5039",415000,2010-02-15,661,114," 3 Beds, 1 Baths, 1 Car Spaces, 2 Lock Up Garages",3,1,1,2,0
"Hammersmith Avenue Edwardstown SA 5039",150500,2000-11-01,740,100," 3 Beds, 1 Baths, 2 Car Spaces, 1 Lock Up Garages",3,1,2,1,0
"Hammersmith Avenue Edwardstown SA 5039",305000,2006-11-30,795,98," 2 Beds, 1 Baths, 1 Car Spaces",2,1,1,0,0
"Harris Street Edwardstown SA 5039",20000,2010-10-05,366,133," 3 Beds, 1 Baths, 1 Car Spaces, 1 Lock Up Garages",3,1,1,1,0
"Harris Street Edwardstown SA 5039",240000,2004-08-18,420,104," 3 Beds, 1 Baths, 2 Car Spaces",3,1,2,0,0
"Harris Street Edwardstown SA 5039",280000,2006-11-16,203,78," 3 Beds, 1 Baths, 1 Car Spaces, 1 Lock Up Garages",3,1,1,1,0
"Harris Street Edwardstown SA 5039",290000,2004-03-22,814,136," 3 Beds, 1 Baths, 1 Car Spaces",3,1,1,0,0
"Harris Street Edwardstown SA 5039",278000,2007-12-19,204,79," 2 Beds, 1 Baths, 1 Car Spaces, 1 Lock Up Garages",2,1,1,1,0
"Hms Buffalo Avenue Edwardstown SA 5039",195000,2005-08-30,473,95," 3 Beds, 1 Baths, 3 Car Spaces",3,1,3,0,0
"Hyman Avenue Edwardstown SA 5039",142000,2000-03-30,369,94," 2 Beds, 1 Baths, 1 Car Spaces",2,1,1,0,0
"Hyman Avenue Edwardstown SA 5039",367000,2007-12-31,800,104," 4 Beds, 1 Baths, 2 Car Spaces, 1 Lock Up Garages",4,1,2,1,0
"Hyman Avenue Edwardstown SA 5039",520000,2009-12-04,780,158," 4 Beds, 2 Baths, 2 Car Spaces, 1 Ensuites",4,2,2,0,1
"Hyman Avenue Edwardstown SA 5039",325000,2007-04-13,800,116," 2 Beds, 1 Baths, 1 Car Spaces, 2 Lock Up Garages",2,1,1,2,0
"Hyman Avenue Edwardstown SA 5039",385500,2008-05-17,467,116," 2 Beds, 2 Baths, 1 Car Spaces, 1 Lock Up Garages",2,2,1,1,0
"Hyman Avenue Edwardstown SA 5039",227000,2001-11-11,819,119," 3 Beds, 1 Car Spaces, 1 Lock Up Garages",3,0,1,1,0
"Hyman Avenue Edwardstown SA 5039",295000,2006-05-23,846,102," 3 Beds, 1 Baths, 1 Car Spaces",3,1,1,0,0
"Hyman Avenue Edwardstown SA 5039",3e+05,2007-11-12,795,108," 3 Beds, 1 Baths, 2 Car Spaces",3,1,2,0,0
"Inglis Street Edwardstown SA 5039",440000,2009-09-24,360,140," 3 Beds, 2 Baths, 1 Car Spaces, 1 Lock Up Garages, 2 Ensuites",3,2,1,1,2
"Inglis Street Edwardstown SA 5039",285000,2007-06-28,277,120," 3 Beds, 1 Baths, 2 Car Spaces",3,1,2,0,0
"Inglis Street Edwardstown SA 5039",280000,2007-02-15,328,114," 3 Beds, 1 Baths, 1 Car Spaces, 1 Lock Up Garages, 1 Ensuites",3,1,1,1,1
"Johnson Street Edwardstown SA 5039",462500,2008-10-02,797,102," 4 Beds, 2 Baths, 2 Car Spaces, 1 Lock Up Garages, 1 Ensuites",4,2,2,1,1
"Johnson Street Edwardstown SA 5039",320000,2006-06-30,300,128," 3 Beds, 1 Baths, 1 Car Spaces",3,1,1,0,0
"Johnson Street Edwardstown SA 5039",344000,2006-04-12,789,160," 3 Beds, 1 Baths, 1 Car Spaces",3,1,1,0,0
"Johnson Street Edwardstown SA 5039",180000,2001-04-12,789,185," 3 Beds, 2 Car Spaces",3,0,2,0,0
"Karong Avenue Edwardstown SA 5039",400200,2010-01-07,700,132," 3 Beds, 1 Baths, 3 Car Spaces, 1 Lock Up Garages",3,1,3,1,0
"Karong Avenue Edwardstown SA 5039",125000,2001-07-18,900,96," 2 Beds, 1 Baths, 3 Car Spaces, 1 Lock Up Garages",2,1,3,1,0
"Karong Avenue Edwardstown SA 5039",139000,2002-09-06,700,112," 3 Beds, 1 Baths, 4 Car Spaces, 4 Lock Up Garages",3,1,4,4,0
"Karong Avenue Edwardstown SA 5039",430000,2008-05-16,900,162," 3 Beds, 2 Baths, 3 Car Spaces, 2 Lock Up Garages",3,2,3,2,0
"Karong Avenue Edwardstown SA 5039",170000,2002-05-27,700,114,"",0,0,0,0,0
"Karong Avenue Edwardstown SA 5039",319000,2010-01-28,391,81," 2 Beds, 1 Baths, 1 Car Spaces, 1 Lock Up Garages",2,1,1,1,0
"Konando Terrace Edwardstown SA 5039",177000,2004-01-14,706,109," 4 Beds",4,0,0,0,0
"Konando Terrace Edwardstown SA 5039",256000,2005-12-22,384,113," 3 Beds, 1 Baths, 1 Car Spaces",3,1,1,0,0
"Konando Terrace Edwardstown SA 5039",192500,2006-01-20,250,104," 2 Beds, 1 Baths, 1 Lock Up Garages",2,1,0,1,0
"Lagunta Avenue Edwardstown SA 5039",240000,2003-08-13,743,99," 3 Beds",3,0,0,0,0
"Lindfield Avenue Edwardstown SA 5039",235000,2003-07-23,674,114," 2 Beds, 1 Baths, 1 Lock Up Garages",2,1,0,1,0
"Lindfield Avenue Edwardstown SA 5039",408000,2009-04-02,674,132," 4 Beds, 1 Baths, 3 Car Spaces",4,1,3,0,0
"Lindfield Avenue Edwardstown SA 5039",730000,2008-07-30,674,165," 3 Beds, 2 Baths, 2 Car Spaces",3,2,2,0,0
"Lindfield Avenue Edwardstown SA 5039",165000,2001-12-04,1140,118," 2 Beds, 1 Baths, 1 Lock Up Garages",2,1,0,1,0
"Lindfield Avenue Edwardstown SA 5039",237000,2002-09-27,238,127," 3 Beds, 1 Baths, 1 Car Spaces, 1 Lock Up Garages, 1 Ensuites",3,1,1,1,1
"Lindfield Avenue Edwardstown SA 5039",132000,2000-05-12,770,97,"",0,0,0,0,0
"Lindfield Avenue Edwardstown SA 5039",378000,2006-10-04,386,154," 3 Beds, 2 Baths, 2 Car Spaces, 2 Ensuites",3,2,2,0,2
"Lindfield Avenue Edwardstown SA 5039",369000,2007-02-02,385,154," 3 Beds, 2 Baths, 2 Car Spaces, 4 Lock Up Garages, 1 Ensuites",3,2,2,4,1
"Lindfield Avenue Edwardstown SA 5039",545000,2009-07-09,767,130," 4 Beds, 2 Baths, 2 Car Spaces, 2 Lock Up Garages",4,2,2,2,0
"Lindsay Avenue Edwardstown SA 5039",208000,2004-11-23,800,74,"",0,0,0,0,0
"Lindsay Avenue Edwardstown SA 5039",365000,2009-03-06,800,154," 4 Beds, 2 Baths, 1 Car Spaces, 2 Lock Up Garages",4,2,1,2,0
"Lindsay Avenue Edwardstown SA 5039",147000,2002-01-16,900,95," 3 Beds, 1 Baths, 2 Car Spaces, 2 Lock Up Garages",3,1,2,2,0
"Lindsay Avenue Edwardstown SA 5039",355000,2007-03-16,900,127," 2 Beds, 1 Baths, 2 Car Spaces, 2 Lock Up Garages",2,1,2,2,0
"Lindsay Avenue Edwardstown SA 5039",3e+05,2007-11-29,397,106,"",0,0,0,0,0
"Lindsay Avenue Edwardstown SA 5039",140000,2002-05-03,892,128," 4 Beds, 2 Baths, 2 Car Spaces, 1 Lock Up Garages",4,2,2,1,0
"Lindsay Avenue Edwardstown SA 5039",375000,2010-03-12,388,98," 3 Beds, 1 Baths, 3 Car Spaces",3,1,3,0,0
"Lindsay Avenue Edwardstown SA 5039",399000,2009-05-22,488,143," 3 Beds, 1 Baths, 2 Lock Up Garages",3,1,0,2,0
"Lindsay Avenue Edwardstown SA 5039",255000,2006-02-27,438,106," 3 Beds, 1 Baths, 1 Car Spaces",3,1,1,0,0
"Lindsay Avenue Edwardstown SA 5039",3e+05,2008-01-16,551,97," 3 Beds, 1 Baths",3,1,0,0,0
"Lindsay Avenue Edwardstown SA 5039",48500,2000-06-15,394,96," 2 Beds, 1 Baths, 2 Car Spaces, 1 Lock Up Garages",2,1,2,1,0
"Lindsay Avenue Edwardstown SA 5039",170000,2003-09-19,892,154," 3 Beds",3,0,0,0,0
"Lindsay Avenue Edwardstown SA 5039",197000,2002-10-11,900,111," 2 Beds, 1 Baths, 1 Lock Up Garages",2,1,0,1,0
"Lindsay Avenue Edwardstown SA 5039",335000,2007-05-24,800,112," 3 Beds, 1 Baths, 2 Car Spaces, 1 Lock Up Garages",3,1,2,1,0
"Macklin Street Edwardstown SA 5039",350000,2005-12-15,993,160," 3 Beds, 1 Baths, 1 Car Spaces",3,1,1,0,0
"Macklin Street Edwardstown SA 5039",295000,2005-12-23,234,134," 3 Beds, 1 Baths, 1 Car Spaces, 1 Lock Up Garages",3,1,1,1,0
"Macklin Street Edwardstown SA 5039",315000,2007-12-13,1018,130," 3 Beds, 1 Baths, 2 Car Spaces",3,1,2,0,0
"Macklin Street Edwardstown SA 5039",297500,2006-01-04,371,159," 2 Beds, 1 Baths, 4 Car Spaces, 1 Lock Up Garages",2,1,4,1,0
"Maxwell Avenue Edwardstown SA 5039",401000,2008-06-05,780,130," 3 Beds, 1 Baths, 1 Car Spaces, 1 Lock Up Garages",3,1,1,1,0
"Maxwell Avenue Edwardstown SA 5039",481500,2008-01-25,780,125," 3 Beds, 1 Baths, 3 Car Spaces, 3 Lock Up Garages",3,1,3,3,0
"Maxwell Avenue Edwardstown SA 5039",250000,2006-07-28,420,102," 2 Beds, 1 Baths, 1 Car Spaces, 1 Lock Up Garages",2,1,1,1,0
"Maxwell Avenue Edwardstown SA 5039",325000,2004-01-27,858,113," 3 Beds",3,0,0,0,0
"Maxwell Avenue Edwardstown SA 5039",174000,2000-01-10,859,128,"",0,0,0,0,0
"Maxwell Avenue Edwardstown SA 5039",461500,2009-05-15,644,125," 3 Beds, 1 Baths, 2 Car Spaces",3,1,2,0,0
"Maxwell Avenue Edwardstown SA 5039",165000,2000-12-08,767,142," 3 Beds, 1 Baths, 6 Car Spaces",3,1,6,0,0
"Maxwell Avenue Edwardstown SA 5039",310000,2003-11-26,858,134,"",0,0,0,0,0
"Maxwell Avenue Edwardstown SA 5039",160000,2002-01-17,372,103," 3 Beds, 1 Baths, 4 Car Spaces",3,1,4,0,0
"Maxwell Avenue Edwardstown SA 5039",572000,2008-05-16,806,180," 4 Beds, 2 Baths, 4 Car Spaces, 2 Lock Up Garages, 2 Ensuites",4,2,4,2,2
"Maxwell Avenue Edwardstown SA 5039",3e+05,2004-03-30,806,114," 3 Beds, 1 Baths, 2 Car Spaces",3,1,2,0,0
"Messines Avenue Edwardstown SA 5039",255000,2004-07-20,666,99," 2 Beds, 1 Baths, 1 Lock Up Garages",2,1,0,1,0
"Midera Avenue Edwardstown SA 5039",252000,2006-11-30,800,97," 3 Beds, 1 Baths, 2 Car Spaces, 1 Lock Up Garages, 1 Ensuites",3,1,2,1,1
"Midera Avenue Edwardstown SA 5039",170000,2008-07-07,832,113," 3 Beds",3,0,0,0,0
"Norma Avenue Edwardstown SA 5039",398000,2009-04-02,700,111," 3 Beds, 1 Baths, 2 Car Spaces, 1 Lock Up Garages",3,1,2,1,0
"Norma Avenue Edwardstown SA 5039",346000,2008-09-03,700,105," 3 Beds, 1 Baths, 2 Car Spaces, 2 Lock Up Garages",3,1,2,2,0
"Oval Avenue Edwardstown SA 5039",450000,2010-11-12,700,91," 3 Beds, 1 Baths, 1 Car Spaces, 1 Lock Up Garages",3,1,1,1,0
"Oval Avenue Edwardstown SA 5039",268500,2005-09-14,700,116," 3 Beds, 1 Baths, 2 Car Spaces, 1 Lock Up Garages",3,1,2,1,0
"Oval Avenue Edwardstown SA 5039",425000,2010-02-12,700,100," 3 Beds, 1 Baths, 1 Car Spaces, 2 Lock Up Garages",3,1,1,2,0
"Oval Avenue Edwardstown SA 5039",495000,2009-02-06,700,185," 4 Beds, 3 Baths, 4 Car Spaces",4,3,4,0,0
"Oval Avenue Edwardstown SA 5039",155000,2001-07-18,700,102," 3 Beds",3,0,0,0,0
"Oval Avenue Edwardstown SA 5039",375000,2010-05-28,700,130," 3 Beds, 1 Baths, 1 Car Spaces, 1 Lock Up Garages",3,1,1,1,0
"Oval Avenue Edwardstown SA 5039",4e+05,2008-11-14,700,120," 3 Beds, 2 Baths, 2 Car Spaces, 3 Lock Up Garages, 1 Ensuites",3,2,2,3,1
"Oval Avenue Edwardstown SA 5039",258750,2006-01-30,712,100," 3 Beds, 1 Baths, 2 Car Spaces, 1 Lock Up Garages",3,1,2,1,0
"Oval Avenue Edwardstown SA 5039",385000,2009-04-29,700,98," 3 Beds, 1 Baths, 1 Car Spaces",3,1,1,0,0
"Pine Street Edwardstown SA 5039",350900,2009-01-16,624,115," 3 Beds, 1 Baths, 4 Car Spaces, 2 Lock Up Garages",3,1,4,2,0
"Pine Street Edwardstown SA 5039",110000,2007-02-20,624,116," 4 Beds, 1 Baths",4,1,0,0,0
"Pine Street Edwardstown SA 5039",271999,2004-12-21,729,100," 3 Beds, 1 Baths, 1 Car Spaces",3,1,1,0,0
"Raglan Avenue Edwardstown SA 5039",361000,2009-09-21,700,128," 3 Beds, 1 Baths, 1 Car Spaces, 1 Lock Up Garages",3,1,1,1,0
"Raglan Avenue Edwardstown SA 5039",250000,2003-07-16,700,143," 4 Beds, 2 Baths",4,2,0,0,0
"Raglan Avenue Edwardstown SA 5039",335000,2010-03-30,434,122," 3 Beds, 1 Baths, 1 Car Spaces",3,1,1,0,0
"Raglan Avenue Edwardstown SA 5039",270000,2004-10-29,258,122," 3 Beds, 1 Baths",3,1,0,0,0
"Raglan Avenue Edwardstown SA 5039",267000,2005-06-30,286,122," 3 Beds, 1 Baths, 1 Car Spaces, 1 Lock Up Garages",3,1,1,1,0
"Railway Terrace Edwardstown SA 5039",270000,2004-06-09,669,117," 3 Beds, 1 Baths, 1 Car Spaces, 1 Lock Up Garages",3,1,1,1,0
"Railway Terrace Edwardstown SA 5039",175000,2003-03-05,697,128,"",0,0,0,0,0
"Railway Terrace Edwardstown SA 5039",375000,2009-12-16,782,110," 2 Beds, 1 Baths, 1 Car Spaces",2,1,1,0,0
"Railway Terrace Edwardstown SA 5039",175000,2002-01-18,782,131," 3 Beds, 2 Baths",3,2,0,0,0
"Railway Terrace Edwardstown SA 5039",2e+05,2002-11-22,800,124," 3 Beds, 1 Car Spaces",3,0,1,0,0
"Railway Terrace Edwardstown SA 5039",435000,2010-07-16,700,130," 2 Beds, 1 Baths, 2 Car Spaces, 2 Lock Up Garages",2,1,2,2,0
"Railway Terrace Edwardstown SA 5039",252000,2004-07-09,795,140," 2 Beds, 1 Baths, 1 Lock Up Garages",2,1,0,1,0
"Railway Terrace Edwardstown SA 5039",385000,2010-01-28,766,120," 2 Beds, 1 Baths, 1 Car Spaces, 1 Lock Up Garages",2,1,1,1,0
"Railway Terrace Edwardstown SA 5039",282000,2006-12-21,682,150," 3 Beds, 1 Baths, 2 Lock Up Garages",3,1,0,2,0
"Railway Terrace Edwardstown SA 5039",20000,2000-08-22,713,130,"",0,0,0,0,0
"Railway Terrace Edwardstown SA 5039",405000,2007-11-26,831,112," 3 Beds, 1 Baths, 1 Car Spaces, 1 Lock Up Garages",3,1,1,1,0
"Railway Terrace Edwardstown SA 5039",240000,2003-08-25,902,114," 3 Beds, 1 Baths, 1 Lock Up Garages",3,1,0,1,0
"Railway Terrace Edwardstown SA 5039",285000,2004-07-30,823,100,"",0,0,0,0,0
"Railway Terrace Edwardstown SA 5039",85000,2000-11-30,911,110,"",0,0,0,0,0
"Railway Terrace Edwardstown SA 5039",395000,2007-11-30,800,113," 3 Beds, 1 Baths, 1 Car Spaces",3,1,1,0,0
"Railway Terrace Edwardstown SA 5039",270000,2005-03-31,800,113," 3 Beds",3,0,0,0,0
"Railway Terrace Edwardstown SA 5039",285000,2005-11-24,700,133," 3 Beds, 1 Baths, 1 Car Spaces, 1 Lock Up Garages",3,1,1,1,0
"Railway Terrace Edwardstown SA 5039",370000,2009-12-11,332,119," 3 Beds, 1 Baths, 1 Car Spaces, 1 Lock Up Garages, 1 Ensuites",3,1,1,1,1
"Railway Terrace Edwardstown SA 5039",431000,2010-06-02,800,100," 3 Beds, 1 Baths, 1 Car Spaces, 1 Lock Up Garages",3,1,1,1,0
"Railway Terrace Edwardstown SA 5039",490000,2010-10-22,700,130," 3 Beds, 1 Baths, 2 Car Spaces, 2 Lock Up Garages, 1 Ensuites",3,1,2,2,1
"Railway Terrace Edwardstown SA 5039",362555,2009-12-10,207,127," 3 Beds, 1 Baths, 1 Lock Up Garages",3,1,0,1,0
"Railway Terrace Edwardstown SA 5039",27200,2010-10-14,204,127," 3 Beds, 1 Baths, 1 Car Spaces",3,1,1,0,0
"Russell Terrace Edwardstown SA 5039",357000,2007-08-23,303,167," 3 Beds, 2 Baths, 1 Car Spaces, 2 Lock Up Garages, 2 Ensuites",3,2,1,2,2
"Russell Terrace Edwardstown SA 5039",155000,2001-02-23,408,130," 3 Beds, 2 Car Spaces",3,0,2,0,0
"Russell Terrace Edwardstown SA 5039",316000,2007-02-06,1000,158," 4 Beds, 1 Baths, 1 Car Spaces, 1 Lock Up Garages",4,1,1,1,0
"Saint Lawrence Avenue Edwardstown SA 5039",427500,2010-06-24,350,129," 3 Beds, 1 Baths, 1 Car Spaces, 1 Lock Up Garages",3,1,1,1,0
"Saint Lawrence Avenue Edwardstown SA 5039",218500,2002-02-14,420,148," 3 Beds, 2 Lock Up Garages",3,0,0,2,0
"Saint Lawrence Avenue Edwardstown SA 5039",432000,2008-04-16,836,114," 3 Beds, 1 Baths, 2 Car Spaces, 2 Lock Up Garages",3,1,2,2,0
"Saint Lawrence Avenue Edwardstown SA 5039",4e+05,2009-01-09,908,112," 3 Beds, 1 Baths, 2 Car Spaces",3,1,2,0,0
"Saint Lawrence Avenue Edwardstown SA 5039",235000,2003-03-18,908,107," 3 Beds, 1 Baths, 2 Car Spaces, 1 Lock Up Garages",3,1,2,1,0
"Saint Lawrence Avenue Edwardstown SA 5039",162500,2001-04-10,908,114," 2 Beds",2,0,0,0,0
"Saint Lawrence Avenue Edwardstown SA 5039",450000,2007-09-24,920,210," 5 Beds, 2 Baths, 3 Car Spaces, 2 Lock Up Garages",5,2,3,2,0
"Saint Lawrence Avenue Edwardstown SA 5039",410000,2008-12-04,908,112," 3 Beds, 1 Baths, 1 Car Spaces",3,1,1,0,0
"Saint Lawrence Avenue Edwardstown SA 5039",430500,2008-12-30,349,154," 2 Beds, 1 Lock Up Garages, 2 Ensuites",2,0,0,1,2
"Saint Lawrence Avenue Edwardstown SA 5039",366000,2007-01-12,349,154," 3 Beds, 2 Baths, 1 Car Spaces, 1 Ensuites",3,2,1,0,1
"Saint Lawrence Avenue Edwardstown SA 5039",55000,2010-09-07,836,163," 2 Beds, 1 Baths, 1 Car Spaces, 1 Lock Up Garages",2,1,1,1,0
"Saint Lawrence Avenue Edwardstown SA 5039",157000,2001-03-02,825,156," 2 Beds, 1 Baths, 1 Lock Up Garages",2,1,0,1,0
"Saint Lawrence Avenue Edwardstown SA 5039",420000,2010-11-10,836,108," 3 Beds, 1 Baths, 3 Car Spaces, 2 Lock Up Garages",3,1,3,2,0
"Saint Lawrence Avenue Edwardstown SA 5039",170000,2001-05-18,722,102," 3 Beds, 1 Baths, 2 Car Spaces, 2 Lock Up Garages",3,1,2,2,0
"Saint Lawrence Avenue Edwardstown SA 5039",390000,2009-06-19,470,154," 3 Beds, 1 Baths, 1 Car Spaces, 1 Lock Up Garages, 1 Ensuites",3,1,1,1,1
"Stanton Street Edwardstown SA 5039",376500,2007-07-27,714,103," 3 Beds, 1 Baths, 3 Car Spaces, 1 Lock Up Garages",3,1,3,1,0
"Stanton Street Edwardstown SA 5039",285000,2009-04-27,659,103," 3 Beds, 1 Baths, 1 Car Spaces, 1 Lock Up Garages",3,1,1,1,0
"Stanton Street Edwardstown SA 5039",235000,2010-11-25,709,113," 3 Beds, 1 Baths, 2 Car Spaces",3,1,2,0,0
"Talisman Avenue Edwardstown SA 5039",315000,2006-05-02,892,101," 3 Beds, 1 Baths",3,1,0,0,0
"The Crescent Edwardstown SA 5039",540000,2010-06-10,765,190," 3 Beds, 1 Baths, 1 Car Spaces",3,1,1,0,0
"The Crescent Edwardstown SA 5039",256000,2002-12-06,765,120," 3 Beds, 1 Baths, 4 Car Spaces",3,1,4,0,0
"Towers Terrace Edwardstown SA 5039",283500,2005-07-28,381,133," 3 Beds, 1 Baths, 1 Lock Up Garages",3,1,0,1,0
"Towers Terrace Edwardstown SA 5039",475000,2007-12-19,800,130," 3 Beds, 2 Baths, 2 Car Spaces, 1 Ensuites",3,2,2,0,1
"Weaver Street Edwardstown SA 5039",62500,2000-12-11,699,123," 3 Beds, 1 Baths, 2 Car Spaces, 2 Lock Up Garages",3,1,2,2,0
"Weaver Street Edwardstown SA 5039",467500,2010-06-15,900,116," 3 Beds, 1 Baths, 2 Car Spaces, 3 Lock Up Garages",3,1,2,3,0
"Weaver Street Edwardstown SA 5039",411000,2009-11-30,339,135," 3 Beds, 2 Baths, 2 Lock Up Garages, 2 Ensuites",3,2,0,2,2
"Weaver Street Edwardstown SA 5039",265000,2006-07-05,700,98," 3 Beds, 2 Baths, 1 Car Spaces, 1 Lock Up Garages, 1 Ensuites",3,2,1,1,1
"Weaver Street Edwardstown SA 5039",359500,2007-06-28,365,137," 3 Beds, 2 Baths, 1 Lock Up Garages, 1 Ensuites",3,2,0,1,1
"Weaver Street Edwardstown SA 5039",150000,2003-12-11,700,126," 2 Beds, 2 Baths, 1 Car Spaces, 1 Lock Up Garages, 1 Ensuites",2,2,1,1,1
"Weaver Street Edwardstown SA 5039",330000,2006-10-26,364,136," 3 Beds, 1 Baths, 1 Car Spaces, 1 Lock Up Garages, 1 Ensuites",3,1,1,1,1
"Weaver Street Edwardstown SA 5039",102000,2000-01-04,700,89," 2 Beds, 1 Baths, 2 Car Spaces",2,1,2,0,0
"Weaver Street Edwardstown SA 5039",383000,2009-10-20,700,115," 3 Beds, 1 Baths, 1 Car Spaces, 1 Lock Up Garages",3,1,1,1,0
"Weaver Street Edwardstown SA 5039",425000,2008-07-04,700,117," 3 Beds, 2 Baths, 3 Car Spaces, 4 Lock Up Garages",3,2,3,4,0
"Wingate Street Edwardstown SA 5039",393000,2008-04-04,600,110," 3 Beds, 1 Baths, 3 Car Spaces, 2 Lock Up Garages",3,1,3,2,0
"Wingate Street Edwardstown SA 5039",135000,2000-09-06,900,120," 2 Beds, 3 Car Spaces",2,0,3,0,0
"Wingate Street Edwardstown SA 5039",285000,2004-11-03,900,114," 3 Beds",3,0,0,0,0
"Wingate Street Edwardstown SA 5039",442000,2009-11-24,445,166," 3 Beds, 1 Baths, 2 Ensuites",3,1,0,0,2
"Wingate Street Edwardstown SA 5039",190000,2002-09-30,429,108," 2 Beds, 1 Lock Up Garages",2,0,0,1,0
"Woodlands Terrace Edwardstown SA 5039",360000,2008-06-23,700,87," 2 Beds, 1 Baths, 3 Car Spaces",2,1,3,0,0
"Woodlands Terrace Edwardstown SA 5039",230000,2005-10-27,719,113,"",0,0,0,0,0
"Woodlands Terrace Edwardstown SA 5039",460000,2010-09-03,700,118," 3 Beds, 1 Baths, 4 Car Spaces, 1 Lock Up Garages",3,1,4,1,0
"Woodlands Terrace Edwardstown SA 5039",337500,2007-06-06,736,204," 4 Beds, 1 Baths, 1 Lock Up Garages",4,1,0,1,0
"Woodlands Terrace Edwardstown SA 5039",153000,2001-07-10,700,106," 2 Beds, 1 Baths, 1 Lock Up Garages",2,1,0,1,0
"Wooton Road Edwardstown SA 5039",330000,2006-12-07,299,114," 3 Beds, 1 Baths, 1 Car Spaces, 1 Lock Up Garages, 1 Ensuites",3,1,1,1,1
"Wooton Road Edwardstown SA 5039",615000,2010-03-26,691,217," 4 Beds, 1 Baths, 2 Car Spaces",4,1,2,0,0
"Wooton Road Edwardstown SA 5039",317000,2003-05-22,705,138," 3 Beds, 2 Baths, 6 Car Spaces, 1 Ensuites",3,2,6,0,1
"Wooton Road Edwardstown SA 5039",445000,2010-04-30,846,124,"",0,0,0,0,0
"Wooton Road Edwardstown SA 5039",245000,2004-06-21,882,104," 3 Beds, 2 Baths, 2 Car Spaces, 2 Lock Up Garages, 1 Ensuites",3,2,2,2,1
"Wooton Road Edwardstown SA 5039",460000,2008-08-14,1058,160," 3 Beds, 2 Baths, 4 Car Spaces, 1 Lock Up Garages, 1 Ensuites",3,2,4,1,1
"Wright Street Edwardstown SA 5039",247000,2002-01-04,710,189," 4 Beds, 1 Baths, 3 Car Spaces, 1 Ensuites",4,1,3,0,1
"Wright Street Edwardstown SA 5039",233000,2002-07-30,699,110," 3 Beds, 1 Baths, 1 Car Spaces",3,1,1,0,0
"Wright Street Edwardstown SA 5039",450000,2010-10-21,741,115," 3 Beds, 1 Baths, 3 Car Spaces",3,1,3,0,0
"Wright Street Edwardstown SA 5039",152500,2001-06-06,731,92," 3 Beds, 1 Baths, 1 Lock Up Garages",3,1,0,1,0
"Wright Street Edwardstown SA 5039",220000,2007-12-20,702,110," 1 Beds",1,0,0,0,0
"Wright Street Edwardstown SA 5039",268000,2003-01-31,732,114," 3 Beds",3,0,0,0,0
"Wright Street Edwardstown SA 5039",134500,2000-09-14,733,106,"",0,0,0,0,0
"Wright Street Edwardstown SA 5039",329500,2007-07-24,697,117," 2 Beds, 1 Baths, 2 Car Spaces",2,1,2,0,0
"Wright Street Edwardstown SA 5039",495000,2009-05-27,735,110," 3 Beds, 1 Baths, 2 Car Spaces, 1 Lock Up Garages",3,1,2,1,0
"Wright Street Edwardstown SA 5039",262000,2005-11-04,697,108," 3 Beds, 1 Baths, 1 Car Spaces",3,1,1,0,0
"Wright Street Edwardstown SA 5039",172000,2001-11-06,697,100," 3 Beds, 1 Baths, 1 Car Spaces",3,1,1,0,0
"Yanyarrie Avenue Edwardstown SA 5039",295000,2006-05-08,800,145," 3 Beds, 2 Baths, 3 Car Spaces",3,2,3,0,0
"Yanyarrie Avenue Edwardstown SA 5039",858000,2010-01-27,359,138," 2 Ensuites",0,0,0,0,2
"Yanyarrie Avenue Edwardstown SA 5039",858000,2010-01-27,359,138," 2 Ensuites",0,0,0,0,2
"Yanyarrie Avenue Edwardstown SA 5039",375000,2007-01-10,700,231," 4 Beds, 3 Baths, 3 Car Spaces",4,3,3,0,0
"Yanyarrie Avenue Edwardstown SA 5039",198000,2003-02-25,700,126,"",0,0,0,0,0
"Aberfeldy Avenue Edwardstown SA 5039",583000,2016-05-27,685,170," 3 Beds, 2 Baths, 1 Car Spaces, 1 Lock Up Garages, 2 Ensuites",3,2,1,1,2
"Aberfeldy Avenue Edwardstown SA 5039",410000,2015-05-08,660,107," 3 Beds, 1 Baths, 1 Car Spaces, 1 Lock Up Garages, 1 Ensuites",3,1,1,1,1
"Aberfeldy Avenue Edwardstown SA 5039",430088,2013-01-10,660,125," 3 Beds, 1 Baths, 2 Car Spaces, 2 Lock Up Garages",3,1,2,2,0
"Aberfeldy Avenue Edwardstown SA 5039",362500,2013-03-06,673,130," 3 Beds, 1 Baths, 2 Car Spaces, 1 Lock Up Garages",3,1,2,1,0
"Aberfeldy Avenue Edwardstown SA 5039",392000,2011-06-23,650,118," 3 Beds, 2 Baths, 1 Car Spaces, 1 Lock Up Garages, 1 Ensuites",3,2,1,1,1
"Adelaide Terrace Edwardstown SA 5039",342857,2013-04-30,937,115,"",0,0,0,0,0
"Adelaide Terrace Edwardstown SA 5039",405000,2012-03-22,618,137," 3 Beds, 1 Baths, 2 Car Spaces, 1 Lock Up Garages",3,1,2,1,0
"Adelaide Terrace Edwardstown SA 5039",475000,2015-12-22,1000,136," 3 Beds, 1 Baths, 1 Car Spaces, 1 Lock Up Garages, 1 Ensuites",3,1,1,1,1
"Adelaide Terrace Edwardstown SA 5039",463000,2013-12-19,700,161," 3 Beds, 2 Baths, 4 Car Spaces, 2 Lock Up Garages, 2 Ensuites",3,2,4,2,2
"Adelaide Terrace Edwardstown SA 5039",320000,2013-12-16,700,113,"",0,0,0,0,0
"Adelaide Terrace Edwardstown SA 5039",375000,2015-08-27,369,120," 1 Ensuites",0,0,0,0,1
"Adelaide Terrace Edwardstown SA 5039",375000,2015-08-25,369,120," 1 Ensuites",0,0,0,0,1
"Adelaide Terrace Edwardstown SA 5039",386000,2014-04-04,700,105," 3 Beds, 1 Baths, 1 Car Spaces, 1 Lock Up Garages",3,1,1,1,0
"Allambee Avenue Edwardstown SA 5039",303000,2014-02-27,NA,112," 2 Beds, 1 Baths, 1 Car Spaces, 1 Lock Up Garages",2,1,1,1,0
"Allambee Avenue Edwardstown SA 5039",315000,2011-07-07,166,111," 2 Beds, 1 Baths, 1 Car Spaces, 1 Lock Up Garages",2,1,1,1,0
"Allambee Avenue Edwardstown SA 5039",324000,2011-01-13,408,124," 3 Beds, 1 Baths, 1 Lock Up Garages",3,1,0,1,0
"Allambee Avenue Edwardstown SA 5039",495000,2015-09-17,357,182," 3 Beds, 2 Baths, 2 Car Spaces, 2 Lock Up Garages, 2 Ensuites",3,2,2,2,2
"Allambee Avenue Edwardstown SA 5039",395000,2013-06-21,900,102," 3 Beds, 1 Baths, 1 Car Spaces, 1 Lock Up Garages",3,1,1,1,0
"Allambee Avenue Edwardstown SA 5039",415000,2015-07-16,800,107," 3 Beds, 1 Baths, 2 Car Spaces, 1 Lock Up Garages, 1 Ensuites",3,1,2,1,1
"Allambee Avenue Edwardstown SA 5039",415000,2015-02-18,800,92," 3 Beds, 1 Baths, 1 Car Spaces, 1 Lock Up Garages, 1 Ensuites",3,1,1,1,1
"Allambee Avenue Edwardstown SA 5039",490000,2015-03-20,393,140," 3 Beds, 2 Baths, 1 Car Spaces, 1 Lock Up Garages, 2 Ensuites",3,2,1,1,2
"Allambee Avenue Edwardstown SA 5039",480000,2015-03-27,374,165," 3 Beds, 2 Baths, 1 Car Spaces, 1 Lock Up Garages, 2 Ensuites",3,2,1,1,2
"Allambee Avenue Edwardstown SA 5039",422000,2014-07-17,386,144," 3 Beds, 2 Baths, 2 Car Spaces, 2 Lock Up Garages, 2 Ensuites",3,2,2,2,2
"Allambee Avenue Edwardstown SA 5039",415000,2012-08-03,386,144," 3 Beds, 2 Baths, 1 Car Spaces, 1 Lock Up Garages, 2 Ensuites",3,2,1,1,2
"Allambee Avenue Edwardstown SA 5039",310000,2012-09-27,335,110," 2 Beds, 1 Baths, 1 Car Spaces, 1 Lock Up Garages",2,1,1,1,0
"Allambee Avenue Edwardstown SA 5039",345000,2011-11-30,800,91," 3 Beds, 1 Baths, 1 Car Spaces, 3 Lock Up Garages",3,1,1,3,0
"Angus Avenue Edwardstown SA 5039",430000,2012-05-31,522,90," 3 Beds, 1 Baths, 1 Car Spaces, 2 Lock Up Garages",3,1,1,2,0
"Angus Avenue Edwardstown SA 5039",350000,2012-08-14,604,115," 4 Beds, 1 Baths, 1 Car Spaces, 1 Lock Up Garages, 1 Ensuites",4,1,1,1,1
"Angus Avenue Edwardstown SA 5039",360000,2014-07-16,195,97," 2 Beds, 1 Baths, 2 Car Spaces, 1 Lock Up Garages, 1 Ensuites",2,1,2,1,1
"Angus Avenue Edwardstown SA 5039",350000,2014-05-05,790,110,"",0,0,0,0,0
"Angus Avenue Edwardstown SA 5039",538000,2016-04-12,686,173," 3 Beds, 1 Baths, 1 Car Spaces, 1 Ensuites",3,1,1,0,1
"Angus Avenue Edwardstown SA 5039",356000,2014-08-01,204,118," 2 Beds, 1 Baths, 1 Car Spaces, 1 Lock Up Garages, 1 Ensuites",2,1,1,1,1
"Angus Avenue Edwardstown SA 5039",351250,2014-05-19,205,118,"",0,0,0,0,0
"Angus Avenue Edwardstown SA 5039",395000,2015-06-29,315,100," 2 Beds, 1 Baths, 1 Car Spaces, 1 Ensuites",2,1,1,0,1
"Angus Avenue Edwardstown SA 5039",290000,2011-09-23,124,84," 3 Beds, 1 Baths, 1 Car Spaces, 1 Lock Up Garages",3,1,1,1,0
"Angus Avenue Edwardstown SA 5039",250000,2013-05-16,126,84," 2 Beds, 1 Baths, 1 Car Spaces",2,1,1,0,0
"Angus Avenue Edwardstown SA 5039",260000,2015-10-28,189,84," 2 Beds, 1 Baths, 1 Car Spaces, 1 Ensuites",2,1,1,0,1
"Angus Avenue Edwardstown SA 5039",335000,2015-05-21,361,95," 3 Beds, 1 Baths, 1 Car Spaces, 1 Ensuites",3,1,1,0,1
"Angus Avenue Edwardstown SA 5039",455000,2014-01-07,946,115," 3 Beds, 1 Baths, 2 Car Spaces, 2 Lock Up Garages",3,1,2,2,0
"Angus Avenue Edwardstown SA 5039",414000,2015-03-16,332,115," 3 Beds, 1 Baths, 1 Ensuites",3,1,0,0,1
"Angus Avenue Edwardstown SA 5039",451000,2014-08-18,741,103," 3 Beds, 1 Baths, 2 Car Spaces, 1 Ensuites",3,1,2,0,1
"Angus Avenue Edwardstown SA 5039",350000,2013-11-26,733,106," 2 Beds, 1 Baths, 1 Car Spaces, 1 Lock Up Garages",2,1,1,1,0
"Arabrie Avenue Edwardstown SA 5039",270000,2015-03-23,467,85," 3 Beds, 1 Baths, 1 Car Spaces, 1 Lock Up Garages, 1 Ensuites",3,1,1,1,1
"Arabrie Avenue Edwardstown SA 5039",4e+05,2015-11-26,700,96," 4 Beds, 1 Baths, 1 Car Spaces, 2 Lock Up Garages, 1 Ensuites",4,1,1,2,1
"Arabrie Avenue Edwardstown SA 5039",5e+05,2015-06-30,700,158," 4 Beds, 2 Baths, 2 Car Spaces, 1 Lock Up Garages, 1 Ensuites",4,2,2,1,1
"Blairgowrie Avenue Edwardstown SA 5039",382000,2012-08-22,817,107," 3 Beds, 1 Baths, 1 Car Spaces, 3 Lock Up Garages",3,1,1,3,0
"Blairgowrie Avenue Edwardstown SA 5039",417500,2013-09-18,692,108," 2 Beds, 1 Baths, 2 Car Spaces, 1 Lock Up Garages",2,1,2,1,0
"Blairgowrie Avenue Edwardstown SA 5039",443000,2012-08-10,918,137," 3 Beds, 1 Baths, 2 Car Spaces, 4 Lock Up Garages",3,1,2,4,0
"Blairgowrie Avenue Edwardstown SA 5039",480000,2016-03-23,305,137," 3 Beds, 2 Baths, 1 Car Spaces, 2 Ensuites",3,2,1,0,2
"Blairgowrie Avenue Edwardstown SA 5039",420000,2012-03-29,305,137," 3 Beds, 2 Baths, 1 Lock Up Garages, 2 Ensuites",3,2,0,1,2
"Blairgowrie Avenue Edwardstown SA 5039",460000,2012-05-18,607,145," 4 Beds, 2 Baths, 2 Car Spaces",4,2,2,0,0
"Calstock Avenue Edwardstown SA 5039",525000,2016-01-25,376,164," 3 Beds, 2 Baths, 2 Car Spaces, 2 Lock Up Garages, 2 Ensuites",3,2,2,2,2
"Calstock Avenue Edwardstown SA 5039",449000,2012-11-29,387,155," 3 Beds, 2 Baths, 1 Car Spaces, 1 Lock Up Garages, 2 Ensuites",3,2,1,1,2
"Calstock Avenue Edwardstown SA 5039",365000,2013-01-08,900,117," 3 Beds, 1 Baths, 2 Car Spaces, 1 Lock Up Garages",3,1,2,1,0
"Calstock Avenue Edwardstown SA 5039",366000,2012-09-20,800,115," 3 Beds, 1 Baths, 1 Car Spaces, 1 Lock Up Garages",3,1,1,1,0
"Calstock Avenue Edwardstown SA 5039",473500,2016-05-02,359,153," 3 Beds, 2 Baths, 1 Car Spaces, 1 Lock Up Garages, 2 Ensuites",3,2,1,1,2
"Calstock Avenue Edwardstown SA 5039",468000,2013-06-20,800,130," 4 Beds, 2 Baths, 3 Car Spaces, 2 Lock Up Garages, 1 Ensuites",4,2,3,2,1
"Calstock Avenue Edwardstown SA 5039",510000,2014-03-14,398,158," 3 Beds, 2 Baths, 2 Car Spaces, 1 Lock Up Garages, 2 Ensuites",3,2,2,1,2
"Calstock Avenue Edwardstown SA 5039",509000,2014-04-08,399,158," 3 Beds, 2 Baths, 1 Car Spaces, 1 Lock Up Garages, 2 Ensuites",3,2,1,1,2
"Calstock Avenue Edwardstown SA 5039",430000,2013-11-15,800,94," 3 Beds, 1 Baths, 2 Car Spaces",3,1,2,0,0
"Calstock Avenue Edwardstown SA 5039",375000,2013-07-08,800,86," 3 Beds, 1 Baths, 3 Car Spaces, 2 Lock Up Garages",3,1,3,2,0
"Calstock Avenue Edwardstown SA 5039",427500,2014-04-24,700,116," 3 Beds, 1 Baths, 2 Car Spaces, 1 Lock Up Garages",3,1,2,1,0
"Calstock Avenue Edwardstown SA 5039",550000,2016-05-24,377,188," 4 Beds, 2 Baths, 1 Car Spaces, 1 Lock Up Garages, 2 Ensuites",4,2,1,1,2
"Calstock Avenue Edwardstown SA 5039",345000,2014-06-02,438,68," 2 Beds, 1 Baths, 1 Car Spaces",2,1,1,0,0
"Calstock Avenue Edwardstown SA 5039",275000,2012-12-24,467,85," 3 Beds, 1 Baths, 1 Car Spaces, 1 Lock Up Garages",3,1,1,1,0
"Carramar Avenue Edwardstown SA 5039",522000,2011-01-24,900,125," 3 Beds, 1 Baths, 3 Car Spaces, 3 Lock Up Garages, 1 Ensuites",3,1,3,3,1
"Carramar Avenue Edwardstown SA 5039",465000,2014-12-24,511,161," 3 Beds, 2 Baths, 2 Car Spaces, 2 Lock Up Garages, 2 Ensuites",3,2,2,2,2
"Carramar Avenue Edwardstown SA 5039",345000,2015-05-04,384,100," 2 Beds, 1 Baths, 1 Car Spaces, 1 Ensuites",2,1,1,0,1
"Carramar Avenue Edwardstown SA 5039",430000,2014-12-08,464,102," 3 Beds, 2 Baths, 2 Lock Up Garages, 1 Ensuites",3,2,0,2,1
"Carramar Avenue Edwardstown SA 5039",465000,2016-04-29,335,155," 3 Beds, 2 Baths, 2 Car Spaces, 2 Lock Up Garages, 2 Ensuites",3,2,2,2,2
"Carramar Avenue Edwardstown SA 5039",410000,2014-02-14,523,127," 3 Beds, 1 Baths, 2 Car Spaces, 2 Lock Up Garages",3,1,2,2,0
"Carramar Avenue Edwardstown SA 5039",388000,2015-02-06,479,107," 1 Ensuites",0,0,0,0,1
"Carramar Avenue Edwardstown SA 5039",208599,2016-01-27,900,104," 3 Beds, 1 Baths, 1 Car Spaces, 1 Lock Up Garages, 1 Ensuites",3,1,1,1,1
"Carramar Avenue Edwardstown SA 5039",409000,2014-06-04,485,145," 3 Beds, 1 Baths, 3 Car Spaces, 1 Lock Up Garages",3,1,3,1,0
"Castle Street Edwardstown SA 5039",290000,2016-03-17,358,87," 2 Beds, 1 Baths, 1 Car Spaces, 2 Lock Up Garages, 1 Ensuites",2,1,1,2,1
"Castle Street Edwardstown SA 5039",620000,2014-11-18,711,231," 5 Beds, 3 Baths, 3 Car Spaces, 2 Ensuites",5,3,3,0,2
"Castle Street Edwardstown SA 5039",340000,2013-12-19,711,112," 3 Beds, 1 Baths, 1 Car Spaces, 1 Lock Up Garages",3,1,1,1,0
"Castle Street Edwardstown SA 5039",4e+05,2014-04-14,350,137," 3 Beds, 1 Baths",3,1,0,0,0
"Castle Street Edwardstown SA 5039",460000,2015-09-10,350,145," 3 Beds, 1 Baths, 2 Car Spaces, 2 Lock Up Garages, 1 Ensuites",3,1,2,2,1
"Castle Street Edwardstown SA 5039",446500,2012-05-11,836,125," 3 Beds, 1 Baths, 2 Car Spaces, 1 Lock Up Garages",3,1,2,1,0
"Castle Street Edwardstown SA 5039",5e+05,2016-02-06,836,130," 3 Beds, 1 Baths, 1 Car Spaces, 4 Lock Up Garages, 1 Ensuites",3,1,1,4,1
"Castle Street Edwardstown SA 5039",428300,2014-02-21,669,149," 3 Beds, 1 Baths, 1 Lock Up Garages",3,1,0,1,0
"Castle Street Edwardstown SA 5039",270000,2013-06-17,442,130," 3 Beds, 2 Baths, 2 Car Spaces, 1 Lock Up Garages",3,2,2,1,0
"Castle Street Edwardstown SA 5039",591500,2015-04-01,441,165," 3 Beds, 2 Baths, 1 Car Spaces, 1 Lock Up Garages, 2 Ensuites",3,2,1,1,2
"Castle Street Edwardstown SA 5039",516448,2015-05-14,487,110," 4 Beds, 1 Baths, 2 Car Spaces, 1 Ensuites",4,1,2,0,1
"Castle Street Edwardstown SA 5039",450000,2011-09-16,398,195," 3 Beds, 1 Baths, 1 Car Spaces, 1 Lock Up Garages",3,1,1,1,0
"Castle Street Edwardstown SA 5039",430000,2016-01-18,796,100," 2 Beds, 1 Baths, 2 Car Spaces, 2 Lock Up Garages, 1 Ensuites",2,1,2,2,1
"Christina Street Edwardstown SA 5039",460000,2016-01-11,644,109," 3 Beds, 1 Baths, 1 Car Spaces, 1 Lock Up Garages, 1 Ensuites",3,1,1,1,1
"Christina Street Edwardstown SA 5039",465000,2014-04-07,759,127," 3 Beds, 2 Baths, 3 Car Spaces, 2 Lock Up Garages, 1 Ensuites",3,2,3,2,1
"Christina Street Edwardstown SA 5039",590000,2015-03-13,646,162," 3 Beds, 2 Baths, 2 Car Spaces, 2 Lock Up Garages, 2 Ensuites",3,2,2,2,2
"Collins Avenue Edwardstown SA 5039",245000,2013-06-25,353,95," 2 Beds, 1 Baths",2,1,0,0,0
"Collins Avenue Edwardstown SA 5039",410000,2014-05-09,275,145," 3 Beds, 2 Baths, 3 Car Spaces, 1 Lock Up Garages, 1 Ensuites",3,2,3,1,1
"Collins Avenue Edwardstown SA 5039",385000,2014-05-12,234,128," 2 Ensuites",0,0,0,0,2
"Collins Avenue Edwardstown SA 5039",385000,2014-05-14,234,128," 2 Ensuites",0,0,0,0,2
"Collins Avenue Edwardstown SA 5039",420000,2014-03-12,275,145," 2 Ensuites",0,0,0,0,2
"Collins Avenue Edwardstown SA 5039",445000,2016-03-21,800,113," 2 Beds, 1 Baths, 2 Car Spaces, 2 Lock Up Garages, 1 Ensuites",2,1,2,2,1
"Collins Avenue Edwardstown SA 5039",410000,2012-05-16,602,90," 2 Beds, 1 Baths, 1 Lock Up Garages",2,1,0,1,0
"Collins Avenue Edwardstown SA 5039",433500,2013-12-04,900,104," 3 Beds, 1 Baths, 1 Car Spaces",3,1,1,0,0
"Collins Avenue Edwardstown SA 5039",550000,2015-10-02,292,182," 2 Ensuites",0,0,0,0,2
"Collins Avenue Edwardstown SA 5039",432759,2015-10-15,223,132," 3 Beds, 2 Baths, 1 Car Spaces, 1 Lock Up Garages, 2 Ensuites",3,2,1,1,2
"Collins Avenue Edwardstown SA 5039",455000,2015-11-27,223,132," 3 Beds, 2 Baths, 2 Car Spaces, 1 Lock Up Garages, 2 Ensuites",3,2,2,1,2
"Conmurra Avenue Edwardstown SA 5039",340000,2011-01-31,641,85," 3 Beds, 1 Baths, 1 Car Spaces, 1 Lock Up Garages",3,1,1,1,0
"Conmurra Avenue Edwardstown SA 5039",370000,2014-10-07,411,90," 3 Beds, 1 Baths, 1 Car Spaces, 1 Lock Up Garages, 1 Ensuites",3,1,1,1,1
"Conmurra Avenue Edwardstown SA 5039",510000,2015-01-22,372,160," 2 Ensuites",0,0,0,0,2
"Conmurra Avenue Edwardstown SA 5039",371000,2014-08-22,255,162," 3 Beds, 1 Baths, 1 Car Spaces, 1 Lock Up Garages, 1 Ensuites",3,1,1,1,1
"Conmurra Avenue Edwardstown SA 5039",360000,2013-02-28,255,162," 3 Beds, 1 Baths, 1 Car Spaces, 1 Lock Up Garages",3,1,1,1,0
"Conmurra Avenue Edwardstown SA 5039",354000,2012-09-05,255,162," 3 Beds, 1 Baths, 1 Car Spaces, 1 Lock Up Garages",3,1,1,1,0
"Conmurra Avenue Edwardstown SA 5039",417000,2014-12-17,700,95," 3 Beds, 1 Baths, 1 Car Spaces, 1 Lock Up Garages, 1 Ensuites",3,1,1,1,1
"Conmurra Avenue Edwardstown SA 5039",406000,2014-02-03,600,107," 3 Beds, 1 Baths, 1 Car Spaces, 1 Lock Up Garages",3,1,1,1,0
"Conmurra Avenue Edwardstown SA 5039",360000,2016-06-02,264,119," 3 Beds, 1 Baths, 1 Car Spaces, 1 Ensuites",3,1,1,0,1
"Conmurra Avenue Edwardstown SA 5039",445000,2015-11-26,800,107," 3 Beds, 1 Baths, 2 Car Spaces, 2 Lock Up Garages, 1 Ensuites",3,1,2,2,1
"Cross Road Edwardstown SA 5039",375000,2015-03-16,760,112," 2 Beds, 1 Baths, 3 Car Spaces, 1 Ensuites",2,1,3,0,1
"Cross Road Edwardstown SA 5039",385000,2012-05-25,239,119," 3 Beds, 1 Baths, 1 Car Spaces, 1 Lock Up Garages",3,1,1,1,0
"Cross Road Edwardstown SA 5039",357000,2013-01-01,204,134," 3 Beds, 2 Baths, 1 Car Spaces, 1 Lock Up Garages, 2 Ensuites",3,2,1,1,2
"Cross Road Edwardstown SA 5039",355000,2012-12-12,142,130," 3 Beds, 2 Baths, 1 Car Spaces, 1 Lock Up Garages, 2 Ensuites",3,2,1,1,2
"Cross Road Edwardstown SA 5039",375000,2012-06-05,142,134," 2 Ensuites",0,0,0,0,2
"Cross Road Edwardstown SA 5039",415000,2012-06-08,754,124," 3 Beds, 1 Baths, 1 Car Spaces, 2 Lock Up Garages",3,1,1,2,0
"Cross Road Edwardstown SA 5039",340000,2014-07-09,639,110," 3 Beds, 1 Baths, 1 Car Spaces",3,1,1,0,0
"Daws Road Edwardstown SA 5039",351000,2013-02-27,800,129," 3 Beds, 1 Baths, 1 Car Spaces, 2 Lock Up Garages",3,1,1,2,0
"De Laine Avenue Edwardstown SA 5039",583000,2013-10-10,1268,128," 3 Beds, 2 Baths, 2 Car Spaces, 2 Lock Up Garages",3,2,2,2,0
"De Laine Avenue Edwardstown SA 5039",469000,2015-06-18,286,190," 2 Beds, 1 Baths, 4 Car Spaces, 1 Lock Up Garages, 1 Ensuites",2,1,4,1,1
"De Laine Avenue Edwardstown SA 5039",426000,2013-04-26,1000,150," 4 Beds, 1 Baths, 2 Car Spaces, 1 Lock Up Garages",4,1,2,1,0
"De Laine Avenue Edwardstown SA 5039",410000,2013-04-09,285,185," 3 Beds, 1 Baths, 2 Car Spaces, 2 Lock Up Garages",3,1,2,2,0
"De Laine Avenue Edwardstown SA 5039",426000,2011-03-24,281,127," 3 Beds, 1 Baths, 1 Car Spaces, 1 Lock Up Garages",3,1,1,1,0
"De Laine Avenue Edwardstown SA 5039",432500,2015-03-18,419,127," 3 Beds, 1 Baths, 1 Car Spaces, 1 Lock Up Garages, 1 Ensuites",3,1,1,1,1
"De Laine Avenue Edwardstown SA 5039",460000,2016-05-31,259,153," 3 Beds, 1 Baths, 2 Car Spaces, 2 Lock Up Garages, 1 Ensuites",3,1,2,2,1
"De Laine Avenue Edwardstown SA 5039",413000,2011-02-24,358,131," 2 Beds, 1 Baths, 1 Car Spaces, 2 Lock Up Garages, 2 Ensuites",2,1,1,2,2
"De Laine Avenue Edwardstown SA 5039",350000,2013-10-17,192,110," 3 Beds, 1 Baths, 1 Car Spaces",3,1,1,0,0
"De Laine Avenue Edwardstown SA 5039",360000,2015-09-22,132,129," 1 Ensuites",0,0,0,0,1
"De Laine Avenue Edwardstown SA 5039",650000,2016-03-17,1200,155," 4 Beds, 1 Baths, 2 Car Spaces, 2 Lock Up Garages, 1 Ensuites",4,1,2,2,1
"Deloraine Avenue Edwardstown SA 5039",410000,2013-04-16,316,138," 2 Ensuites",0,0,0,0,2
"Deloraine Road Edwardstown SA 5039",405000,2016-01-07,900,125," 2 Beds, 1 Baths, 3 Car Spaces, 3 Lock Up Garages, 1 Ensuites",2,1,3,3,1
"Deloraine Road Edwardstown SA 5039",265000,2012-08-03,NA,64," 2 Beds, 1 Baths, 1 Car Spaces, 1 Lock Up Garages",2,1,1,1,0
"Deloraine Road Edwardstown SA 5039",410000,2016-04-10,800,137," 2 Beds, 1 Baths, 2 Car Spaces, 1 Lock Up Garages, 1 Ensuites",2,1,2,1,1
"Deloraine Road Edwardstown SA 5039",425000,2014-06-04,316,138," 3 Beds, 2 Baths, 1 Car Spaces, 1 Lock Up Garages, 2 Ensuites",3,2,1,1,2
"Deloraine Road Edwardstown SA 5039",420000,2014-07-18,900,128," 3 Beds, 1 Baths, 1 Car Spaces, 1 Lock Up Garages, 1 Ensuites",3,1,1,1,1
"Deloraine Road Edwardstown SA 5039",541000,2013-08-26,1300,118," 3 Beds, 1 Baths, 1 Car Spaces",3,1,1,0,0
"Deloraine Road Edwardstown SA 5039",438000,2014-09-04,800,107," 2 Beds, 1 Baths, 2 Car Spaces, 1 Ensuites",2,1,2,0,1
"Deloraine Road Edwardstown SA 5039",410000,2014-06-29,800,121," 3 Beds, 2 Baths, 4 Car Spaces",3,2,4,0,0
"Deloraine Road Edwardstown SA 5039",514000,2012-02-20,1092,147," 3 Beds, 1 Baths, 1 Car Spaces, 2 Lock Up Garages",3,1,1,2,0
"Deloraine Road Edwardstown SA 5039",380000,2016-02-25,514,98," 3 Beds, 1 Baths, 1 Car Spaces, 1 Lock Up Garages, 1 Ensuites",3,1,1,1,1
"Deloraine Road Edwardstown SA 5039",381000,2014-07-09,576,115," 4 Beds, 1 Baths",4,1,0,0,0
"Dumbarton Avenue Edwardstown SA 5039",280000,2012-07-27,452,62," 3 Beds, 1 Baths",3,1,0,0,0
"Dumbarton Avenue Edwardstown SA 5039",423000,2012-11-14,736,127," 3 Beds, 1 Baths, 1 Car Spaces, 1 Lock Up Garages",3,1,1,1,0
"Dumbarton Avenue Edwardstown SA 5039",326000,2016-05-05,450,62," 3 Beds, 1 Baths, 3 Car Spaces, 1 Lock Up Garages, 1 Ensuites",3,1,3,1,1
"Dumbarton Avenue Edwardstown SA 5039",550500,2015-01-30,685,126," 3 Beds, 2 Baths, 2 Car Spaces, 1 Lock Up Garages, 1 Ensuites",3,2,2,1,1
"Dumbarton Avenue Edwardstown SA 5039",351000,2014-02-27,279,118," 2 Beds, 1 Baths, 1 Car Spaces, 1 Lock Up Garages",2,1,1,1,0
"Dumbarton Avenue Edwardstown SA 5039",3e+05,2013-11-14,278,118," 2 Beds, 1 Baths, 1 Car Spaces, 1 Lock Up Garages",2,1,1,1,0
"Dumbarton Avenue Edwardstown SA 5039",339000,2016-06-03,464,67," 2 Beds, 1 Baths, 2 Car Spaces, 2 Lock Up Garages, 1 Ensuites",2,1,2,2,1
"Dumbarton Avenue Edwardstown SA 5039",295000,2014-02-25,452,67," 2 Beds, 1 Baths",2,1,0,0,0
"Dumbarton Avenue Edwardstown SA 5039",330000,2014-12-21,672,105," 1 Ensuites",0,0,0,0,1
"Dumbarton Avenue Edwardstown SA 5039",345000,2015-03-19,672,104," 1 Ensuites",0,0,0,0,1
"Dunorlan Road Edwardstown SA 5039",447000,2015-07-27,200,133," 3 Beds, 2 Baths, 2 Car Spaces, 2 Lock Up Garages, 2 Ensuites",3,2,2,2,2
"Dunorlan Road Edwardstown SA 5039",417000,2014-08-05,187,138," 3 Beds, 2 Baths, 1 Car Spaces, 1 Lock Up Garages, 2 Ensuites",3,2,1,1,2
"Dunorlan Road Edwardstown SA 5039",535000,2015-11-19,438,168," 3 Beds, 2 Baths, 1 Car Spaces, 1 Lock Up Garages, 2 Ensuites",3,2,1,1,2
"Dunorlan Road Edwardstown SA 5039",355000,2013-05-14,393,119,"",0,0,0,0,0
"Dunorlan Road Edwardstown SA 5039",430000,2012-09-06,508,68," 4 Beds",4,0,0,0,0
"Emerald Street Edwardstown SA 5039",640000,2014-04-03,735,115," 3 Beds, 2 Baths, 1 Car Spaces, 1 Lock Up Garages, 1 Ensuites",3,2,1,1,1
"Emerald Street Edwardstown SA 5039",431000,2014-10-21,673,104," 3 Beds, 1 Baths, 1 Car Spaces, 1 Lock Up Garages, 1 Ensuites",3,1,1,1,1
"Emerald Street Edwardstown SA 5039",415000,2015-02-19,393,90," 3 Beds, 1 Baths, 1 Car Spaces, 2 Lock Up Garages, 1 Ensuites",3,1,1,2,1
"Erudina Avenue Edwardstown SA 5039",380000,2012-11-22,734,151," 4 Beds, 1 Baths, 2 Car Spaces, 2 Lock Up Garages",4,1,2,2,0
"Flinders Street Edwardstown SA 5039",325000,2013-11-27,700,121," 3 Beds, 1 Baths, 1 Car Spaces",3,1,1,0,0
"Flinders Street Edwardstown SA 5039",580000,2011-12-07,700,210," 4 Beds, 2 Baths, 1 Car Spaces, 1 Lock Up Garages, 2 Ensuites",4,2,1,1,2
"Flinders Street Edwardstown SA 5039",398000,2015-02-26,253,97," 2 Beds, 2 Baths, 2 Car Spaces, 2 Lock Up Garages, 2 Ensuites",2,2,2,2,2
"Flinders Street Edwardstown SA 5039",365000,2013-01-17,253,97," 3 Beds, 2 Baths, 2 Car Spaces, 2 Lock Up Garages, 2 Ensuites",3,2,2,2,2
"Flinders Street Edwardstown SA 5039",260000,2013-08-12,700,105," 3 Beds, 1 Baths, 1 Lock Up Garages",3,1,0,1,0
"Flinders Street Edwardstown SA 5039",4e+05,2013-09-24,900,105," 3 Beds, 2 Baths, 2 Car Spaces, 1 Lock Up Garages",3,2,2,1,0
"Fuller Street Edwardstown SA 5039",459000,2013-09-20,695,106," 2 Beds, 1 Baths, 1 Car Spaces, 1 Lock Up Garages",2,1,1,1,0
"Fuller Street Edwardstown SA 5039",410000,2012-03-07,699,108," 3 Beds, 1 Baths, 1 Car Spaces, 2 Lock Up Garages",3,1,1,2,0
"Fuller Street Edwardstown SA 5039",360000,2011-08-25,736,123," 3 Beds, 1 Baths, 2 Car Spaces, 1 Lock Up Garages",3,1,2,1,0
"Furness Avenue Edwardstown SA 5039",357500,2013-09-26,504,98," 3 Beds, 1 Baths, 1 Car Spaces",3,1,1,0,0
"Furness Avenue Edwardstown SA 5039",378000,2011-06-24,700,114," 3 Beds, 1 Baths, 1 Car Spaces, 1 Lock Up Garages",3,1,1,1,0
"Furness Avenue Edwardstown SA 5039",365000,2011-03-18,232,105," 3 Beds, 1 Baths, 3 Car Spaces, 1 Lock Up Garages, 1 Ensuites",3,1,3,1,1
"Furness Avenue Edwardstown SA 5039",60000,2013-03-27,321,153," 3 Beds, 2 Baths, 2 Car Spaces, 2 Lock Up Garages, 2 Ensuites",3,2,2,2,2
"Furness Avenue Edwardstown SA 5039",435000,2012-01-18,428,131," 3 Beds, 2 Baths, 2 Car Spaces, 2 Lock Up Garages, 2 Ensuites",3,2,2,2,2
"Gilpipi Avenue Edwardstown SA 5039",365000,2011-11-18,800,92," 3 Beds, 1 Baths, 1 Car Spaces, 1 Lock Up Garages",3,1,1,1,0
"Gilpipi Avenue Edwardstown SA 5039",425000,2016-05-16,233,114," 3 Beds, 2 Baths, 2 Car Spaces, 2 Lock Up Garages, 2 Ensuites",3,2,2,2,2
"Street Edwardstown SA 5039",575000,2016-05-31,357,175," 2 Ensuites",0,0,0,0,2
"Gurney Street Edwardstown SA 5039",460000,2015-08-21,715,120," 4 Beds, 2 Baths, 3 Car Spaces, 1 Ensuites",4,2,3,0,1
"Gurney Street Edwardstown SA 5039",430000,2014-06-25,213,120," 3 Beds, 1 Baths, 1 Car Spaces, 1 Lock Up Garages",3,1,1,1,0
"Gurney Street Edwardstown SA 5039",394500,2013-04-22,238,120," 3 Beds, 1 Baths, 1 Car Spaces, 1 Lock Up Garages, 2 Ensuites",3,1,1,1,2
"Gurney Street Edwardstown SA 5039",490000,2011-11-30,716,120," 3 Beds, 1 Baths, 4 Car Spaces",3,1,4,0,0
"Gurney Street Edwardstown SA 5039",445000,2012-09-13,714,124," 3 Beds, 2 Baths, 1 Car Spaces, 1 Lock Up Garages",3,2,1,1,0
"Gurney Street Edwardstown SA 5039",516000,2015-01-29,710,130," 3 Beds, 1 Baths, 2 Car Spaces, 1 Lock Up Garages, 1 Ensuites",3,1,2,1,1
"Hammersmith Avenue Edwardstown SA 5039",460100,2014-09-24,767,95," 4 Beds, 2 Baths, 1 Car Spaces, 1 Lock Up Garages, 1 Ensuites",4,2,1,1,1
"Hammersmith Avenue Edwardstown SA 5039",465000,2011-12-12,388,112," 3 Beds, 2 Baths, 1 Car Spaces, 1 Lock Up Garages, 2 Ensuites",3,2,1,1,2
"Hammersmith Avenue Edwardstown SA 5039",535000,2015-04-17,650,148," 3 Beds, 1 Baths, 3 Car Spaces, 1 Lock Up Garages, 2 Ensuites",3,1,3,1,2
"Hammersmith Avenue Edwardstown SA 5039",352500,2016-04-21,793,125," 3 Beds, 1 Baths, 2 Car Spaces, 1 Ensuites",3,1,2,0,1
"Hammersmith Avenue Edwardstown SA 5039",470000,2015-08-28,650,106," 3 Beds, 1 Baths, 2 Car Spaces, 2 Lock Up Garages, 1 Ensuites",3,1,2,2,1
"Hammersmith Avenue Edwardstown SA 5039",426500,2012-07-24,740,134," 4 Beds, 1 Baths, 4 Car Spaces, 4 Lock Up Garages",4,1,4,4,0
"Hammersmith Avenue Edwardstown SA 5039",460000,2012-05-30,465,125," 3 Beds, 1 Baths, 2 Car Spaces",3,1,2,0,0
"Harris Street Edwardstown SA 5039",485000,2015-03-06,394,152," 4 Beds, 1 Baths, 4 Car Spaces, 2 Lock Up Garages, 1 Ensuites",4,1,4,2,1
"Harris Street Edwardstown SA 5039",490000,2012-08-31,762,155," 3 Beds, 1 Baths, 2 Car Spaces, 2 Lock Up Garages",3,1,2,2,0
"Harris Street Edwardstown SA 5039",312000,2015-10-16,380,125," 1 Baths, 1 Car Spaces, 1 Lock Up Garages",0,1,1,1,0
"Harris Street Edwardstown SA 5039",585000,2016-03-09,746,155," 4 Beds, 2 Baths, 4 Car Spaces, 4 Lock Up Garages, 1 Ensuites",4,2,4,4,1
"Harris Street Edwardstown SA 5039",395000,2011-06-17,784,134," 3 Beds, 1 Baths, 1 Car Spaces, 1 Lock Up Garages",3,1,1,1,0
"Harris Street Edwardstown SA 5039",350000,2012-09-10,204,72," 3 Beds, 1 Baths, 1 Lock Up Garages",3,1,0,1,0
"Hms Buffalo Avenue Edwardstown SA 5039",505000,2012-08-31,529,90," 3 Beds, 1 Baths",3,1,0,0,0
"Hms Buffalo Avenue Edwardstown SA 5039",520500,2013-05-24,515,95," 6 Beds, 1 Baths, 2 Car Spaces",6,1,2,0,0
"Hyman Avenue Edwardstown SA 5039",46350,2011-05-12,780,130," 4 Beds, 2 Baths",4,2,0,0,0
"Hyman Avenue Edwardstown SA 5039",461700,2013-07-25,683,110," 3 Beds, 1 Baths, 2 Car Spaces, 2 Lock Up Garages",3,1,2,2,0
"Hyman Avenue Edwardstown SA 5039",5e+05,2012-10-08,768,115," 3 Beds, 1 Baths, 2 Car Spaces, 2 Lock Up Garages",3,1,2,2,0
"Hyman Avenue Edwardstown SA 5039",655000,2011-05-12,922,190," 3 Beds, 2 Baths, 2 Car Spaces, 2 Lock Up Garages",3,2,2,2,0
"Hyman Avenue Edwardstown SA 5039",3e+05,2012-12-14,807,95," 3 Beds, 1 Baths, 1 Car Spaces, 2 Lock Up Garages",3,1,1,2,0
"Karong Avenue Edwardstown SA 5039",348000,2013-03-08,900,100," 3 Beds, 2 Baths, 2 Car Spaces, 2 Lock Up Garages",3,2,2,2,0
"Karong Avenue Edwardstown SA 5039",463300,2016-06-03,700,126," 3 Beds, 2 Baths, 1 Car Spaces, 1 Lock Up Garages, 1 Ensuites",3,2,1,1,1
"Karong Avenue Edwardstown SA 5039",455000,2015-04-08,700,139," 3 Beds, 2 Baths, 2 Car Spaces, 1 Ensuites",3,2,2,0,1
"Kenilworth Avenue Edwardstown SA 5039",460000,2016-06-02,577,71," 2 Beds, 1 Baths, 1 Car Spaces, 1 Ensuites",2,1,1,0,1
"Konando Terrace Edwardstown SA 5039",440000,2013-10-24,327,156," 3 Beds, 2 Baths, 1 Car Spaces, 1 Lock Up Garages, 2 Ensuites",3,2,1,1,2
"Konando Terrace Edwardstown SA 5039",470000,2016-04-22,329,156," 3 Beds, 2 Baths, 1 Car Spaces, 1 Lock Up Garages, 2 Ensuites",3,2,1,1,2
"Lindfield Avenue Edwardstown SA 5039",438000,2011-03-09,674,122," 5 Beds, 2 Baths, 3 Car Spaces, 3 Lock Up Garages, 1 Ensuites",5,2,3,3,1
"Lindfield Avenue Edwardstown SA 5039",426000,2014-09-21,674,120," 3 Beds, 1 Baths, 1 Car Spaces, 1 Lock Up Garages, 1 Ensuites",3,1,1,1,1
"Lindfield Avenue Edwardstown SA 5039",425800,2012-06-07,766,120," 2 Beds, 1 Baths, 1 Lock Up Garages",2,1,0,1,0
"Lindfield Avenue Edwardstown SA 5039",466500,2012-04-23,1140,138," 3 Beds, 1 Baths, 1 Car Spaces, 3 Lock Up Garages",3,1,1,3,0
"Lindfield Avenue Edwardstown SA 5039",428500,2012-07-20,770,125," 3 Beds, 1 Baths, 2 Car Spaces, 4 Lock Up Garages",3,1,2,4,0
"Lindsay Avenue Edwardstown SA 5039",402500,2013-04-16,402,107," 3 Beds, 1 Baths, 3 Car Spaces, 3 Lock Up Garages",3,1,3,3,0
"Lindsay Avenue Edwardstown SA 5039",525000,2011-09-15,522,195," 3 Beds, 2 Baths, 1 Car Spaces, 1 Lock Up Garages, 1 Ensuites",3,2,1,1,1
"Lindsay Avenue Edwardstown SA 5039",488000,2011-09-14,900,148," 4 Beds, 2 Baths, 2 Car Spaces, 2 Lock Up Garages, 2 Ensuites",4,2,2,2,2
"Lindsay Avenue Edwardstown SA 5039",337000,2012-11-06,258,110," 3 Beds, 1 Baths, 4 Car Spaces, 2 Lock Up Garages",3,1,4,2,0
"Lindsay Avenue Edwardstown SA 5039",3864000,2014-04-24,900,98," 3 Beds, 1 Baths, 1 Car Spaces",3,1,1,0,0
"Lockhart Terrace Edwardstown SA 5039",385000,2014-06-20,700,108," 2 Beds, 1 Baths, 1 Car Spaces, 1 Lock Up Garages",2,1,1,1,0
"Lockhart Terrace Edwardstown SA 5039",486000,2016-02-01,700,105," 3 Beds, 1 Baths, 2 Car Spaces, 3 Lock Up Garages, 1 Ensuites",3,1,2,3,1
"Lockhart Terrace Edwardstown SA 5039",367500,2015-11-30,700,115," 3 Beds, 1 Baths, 1 Car Spaces, 1 Lock Up Garages, 1 Ensuites",3,1,1,1,1
"Macklin Street Edwardstown SA 5039",552000,2012-04-27,352,138," 2 Ensuites",0,0,0,0,2
"Macklin Street Edwardstown SA 5039",510000,2012-10-19,309,138," 3 Beds, 2 Baths, 3 Car Spaces, 2 Lock Up Garages, 1 Ensuites",3,2,3,2,1
"Macklin Street Edwardstown SA 5039",520000,2012-08-03,309,138," 3 Beds, 2 Baths, 2 Car Spaces, 2 Ensuites",3,2,2,0,2
"Macklin Street Edwardstown SA 5039",425000,2015-12-16,242,129," 3 Beds, 1 Baths, 1 Car Spaces, 1 Lock Up Garages, 1 Ensuites",3,1,1,1,1
"Macklin Street Edwardstown SA 5039",413000,2011-11-25,262,131," 3 Beds, 1 Baths, 2 Car Spaces, 1 Lock Up Garages, 1 Ensuites",3,1,2,1,1
"Macklin Street Edwardstown SA 5039",430000,2012-11-14,795,104," 3 Beds, 1 Baths, 3 Car Spaces",3,1,3,0,0
"Macklin Street Edwardstown SA 5039",353000,2011-10-12,519,120," 3 Beds, 1 Baths, 2 Car Spaces",3,1,2,0,0
"Maxwell Avenue Edwardstown SA 5039",530000,2011-01-21,656,117," 3 Beds, 2 Baths, 3 Car Spaces, 2 Lock Up Garages, 2 Ensuites",3,2,3,2,2
"Maxwell Avenue Edwardstown SA 5039",437000,2011-10-06,780,108," 3 Beds, 1 Baths, 2 Car Spaces",3,1,2,0,0
"Maxwell Avenue Edwardstown SA 5039",420000,2014-05-05,462,110," 3 Beds, 1 Baths, 2 Car Spaces",3,1,2,0,0
"Maxwell Avenue Edwardstown SA 5039",425000,2013-07-05,858,144," 3 Beds, 1 Baths, 1 Car Spaces",3,1,1,0,0
"Maxwell Avenue Edwardstown SA 5039",175000,2013-04-29,858,110," 2 Beds, 1 Baths",2,1,0,0,0
"Maxwell Avenue Edwardstown SA 5039",680000,2013-09-10,644,154," 3 Beds, 1 Baths, 2 Car Spaces, 2 Lock Up Garages",3,1,2,2,0
"Maxwell Avenue Edwardstown SA 5039",485000,2015-12-11,556,125," 3 Beds, 1 Baths, 1 Car Spaces, 1 Ensuites",3,1,1,0,1
"Maxwell Avenue Edwardstown SA 5039",742500,2015-11-20,767,192," 4 Beds, 2 Baths, 3 Car Spaces, 4 Lock Up Garages, 1 Ensuites",4,2,3,4,1
"Maxwell Avenue Edwardstown SA 5039",565000,2014-07-30,767,100," 4 Beds, 2 Baths, 1 Car Spaces, 1 Lock Up Garages, 1 Ensuites",4,2,1,1,1
"Maxwell Avenue Edwardstown SA 5039",335000,2012-06-28,806,110," 2 Beds, 1 Baths, 4 Car Spaces",2,1,4,0,0
"Maxwell Avenue Edwardstown SA 5039",510000,2016-03-04,812,108," 3 Beds, 1 Baths, 1 Car Spaces, 1 Lock Up Garages, 1 Ensuites",3,1,1,1,1
"Midera Avenue Edwardstown SA 5039",430000,2013-10-22,323,149," 3 Beds, 2 Baths, 1 Car Spaces, 1 Lock Up Garages, 2 Ensuites",3,2,1,1,2
"Midera Avenue Edwardstown SA 5039",429000,2013-10-24,321,149," 3 Beds, 2 Baths, 2 Car Spaces, 1 Lock Up Garages, 2 Ensuites",3,2,2,1,2
"Midera Avenue Edwardstown SA 5039",491100,2013-07-11,450,176," 4 Beds, 2 Baths, 2 Car Spaces, 2 Ensuites",4,2,2,0,2
"Norma Avenue Edwardstown SA 5039",530000,2014-08-12,700,145," 3 Beds, 1 Baths, 1 Car Spaces, 1 Ensuites",3,1,1,0,1
"Norma Avenue Edwardstown SA 5039",405000,2013-06-27,700,101," 3 Beds, 1 Baths, 1 Car Spaces",3,1,1,0,0
"Oval Avenue Edwardstown SA 5039",430000,2012-03-02,424,158," 3 Beds, 2 Baths, 1 Car Spaces, 1 Lock Up Garages, 2 Ensuites",3,2,1,1,2
"Oval Avenue Edwardstown SA 5039",470000,2015-04-24,389,120," 3 Beds, 1 Baths, 1 Car Spaces, 1 Lock Up Garages, 1 Ensuites",3,1,1,1,1
"Oval Avenue Edwardstown SA 5039",150000,2015-02-27,700,130," 4 Beds, 1 Baths, 4 Car Spaces, 1 Ensuites",4,1,4,0,1
"Oval Avenue Edwardstown SA 5039",470000,2016-04-28,700,110," 3 Beds, 1 Baths, 1 Lock Up Garages, 1 Ensuites",3,1,0,1,1
"Oval Avenue Edwardstown SA 5039",380000,2012-04-10,800,118," 3 Beds, 1 Baths, 1 Car Spaces",3,1,1,0,0
"Oval Avenue Edwardstown SA 5039",80000,2011-09-12,700,91,"",0,0,0,0,0
"Oval Avenue Edwardstown SA 5039",427000,2012-11-14,700,126," 3 Beds, 1 Baths, 3 Car Spaces",3,1,3,0,0
"Oval Avenue Edwardstown SA 5039",385000,2014-08-22,416,98," 1 Ensuites",0,0,0,0,1
"Pine Street Edwardstown SA 5039",480000,2014-02-27,624,140," 3 Beds, 1 Baths, 1 Car Spaces, 1 Lock Up Garages",3,1,1,1,0
"Pine Street Edwardstown SA 5039",395000,2015-07-28,362,76," 2 Beds, 1 Baths, 1 Car Spaces, 1 Lock Up Garages, 1 Ensuites",2,1,1,1,1
"Pine Street Edwardstown SA 5039",320000,2011-09-15,367,100," 2 Beds, 1 Baths, 3 Car Spaces",2,1,3,0,0
"Raglan Avenue Edwardstown SA 5039",416000,2013-03-15,564,160," 3 Beds, 1 Baths, 4 Car Spaces",3,1,4,0,0
"Railway Terrace Edwardstown SA 5039",373000,2011-05-31,786,136," 4 Beds, 1 Baths, 2 Car Spaces, 2 Lock Up Garages",4,1,2,2,0
"Railway Terrace Edwardstown SA 5039",330000,2012-07-03,759,92," 3 Beds, 1 Baths, 2 Lock Up Garages",3,1,0,2,0
"Railway Terrace Edwardstown SA 5039",393000,2011-06-10,736,110," 3 Beds, 1 Baths, 2 Car Spaces, 3 Lock Up Garages, 1 Ensuites",3,1,2,3,1
"Railway Terrace Edwardstown SA 5039",390000,2014-06-13,634,103," 3 Beds, 1 Baths, 2 Car Spaces, 1 Lock Up Garages",3,1,2,1,0
"Railway Terrace Edwardstown SA 5039",445000,2014-10-17,860,86," 3 Beds, 1 Baths, 8 Car Spaces, 1 Ensuites",3,1,8,0,1
"Railway Terrace Edwardstown SA 5039",445000,2013-12-13,800,176," 5 Beds, 1 Baths, 3 Car Spaces, 1 Lock Up Garages",5,1,3,1,0
"Railway Terrace Edwardstown SA 5039",495000,2014-05-27,1167,271," 5 Beds, 1 Baths, 3 Car Spaces, 3 Lock Up Garages",5,1,3,3,0
"Railway Terrace Edwardstown SA 5039",355000,2013-04-05,526,102," 3 Beds, 1 Baths, 1 Car Spaces, 1 Lock Up Garages",3,1,1,1,0
"Railway Terrace Edwardstown SA 5039",428000,2015-08-28,800,131," 3 Beds, 1 Baths, 1 Car Spaces, 1 Lock Up Garages, 1 Ensuites",3,1,1,1,1
"Railway Terrace Edwardstown SA 5039",450000,2012-09-27,700,120," 3 Beds, 1 Baths, 4 Car Spaces, 2 Lock Up Garages",3,1,4,2,0
"Railway Terrace Edwardstown SA 5039",460000,2012-07-23,700,163," 3 Beds, 1 Baths, 2 Car Spaces, 2 Lock Up Garages",3,1,2,2,0
"Robert Street Edwardstown SA 5039",380500,2015-01-30,321,121," 3 Beds, 1 Baths, 1 Car Spaces, 1 Lock Up Garages, 1 Ensuites",3,1,1,1,1
"Russell Terrace Edwardstown SA 5039",415000,2013-06-28,700,180," 2 Beds, 1 Baths, 1 Car Spaces",2,1,1,0,0
"Russell Terrace Edwardstown SA 5039",602500,2014-10-24,460,180," 3 Beds, 2 Baths, 2 Car Spaces, 2 Lock Up Garages, 2 Ensuites",3,2,2,2,2
"Saint Lawrence Avenue Edwardstown SA 5039",420000,2013-08-08,894,130," 3 Beds, 1 Baths, 1 Car Spaces, 1 Lock Up Garages",3,1,1,1,0
"Saint Lawrence Avenue Edwardstown SA 5039",8200000,2012-02-29,450,75,"",0,0,0,0,0
"Saint Lawrence Avenue Edwardstown SA 5039",465000,2011-12-16,894,137," 3 Beds, 1 Baths, 3 Car Spaces, 2 Lock Up Garages",3,1,3,2,0
"Saint Lawrence Avenue Edwardstown SA 5039",411000,2012-08-30,753,102," 2 Beds, 1 Baths, 2 Car Spaces, 1 Lock Up Garages",2,1,2,1,0
"Saint Lawrence Avenue Edwardstown SA 5039",542000,2015-07-22,908,112," 2 Beds, 1 Baths, 3 Car Spaces, 3 Lock Up Garages, 1 Ensuites",2,1,3,3,1
"Saint Lawrence Avenue Edwardstown SA 5039",376000,2011-01-06,425,124,"",0,0,0,0,0
"Saint Lawrence Avenue Edwardstown SA 5039",635000,2014-03-28,825,247," 4 Beds, 1 Baths, 3 Car Spaces, 2 Lock Up Garages, 2 Ensuites",4,1,3,2,2
"Stanton Street Edwardstown SA 5039",512000,2016-01-07,708,171," 3 Beds, 2 Baths, 2 Car Spaces, 1 Ensuites",3,2,2,0,1
"Stanton Street Edwardstown SA 5039",480000,2016-05-12,786,195," 5 Beds, 2 Baths, 2 Car Spaces, 2 Lock Up Garages, 1 Ensuites",5,2,2,2,1
"Stanton Street Edwardstown SA 5039",506000,2014-11-17,550,100," 3 Beds, 1 Baths, 2 Car Spaces, 1 Lock Up Garages, 1 Ensuites",3,1,2,1,1
"Theodore Street Edwardstown SA 5039",460000,2011-01-31,464,140," 3 Beds, 1 Baths, 1 Car Spaces, 1 Lock Up Garages",3,1,1,1,0
"Theodore Street Edwardstown SA 5039",430000,2014-10-17,512,125," 3 Beds, 1 Baths, 1 Car Spaces, 1 Lock Up Garages, 1 Ensuites",3,1,1,1,1
"Towers Terrace Edwardstown SA 5039",180000,2015-08-17,708,103," 3 Beds, 1 Baths, 2 Car Spaces, 1 Lock Up Garages, 1 Ensuites",3,1,2,1,1
"Towers Terrace Edwardstown SA 5039",417000,2016-04-14,481,106," 2 Beds, 1 Baths, 1 Car Spaces, 1 Lock Up Garages, 1 Ensuites",2,1,1,1,1
"Weaver Street Edwardstown SA 5039",315000,2015-10-08,421,68," 2 Beds, 1 Baths, 1 Car Spaces, 1 Lock Up Garages, 1 Ensuites",2,1,1,1,1
"Weaver Street Edwardstown SA 5039",405000,2013-11-29,365,137," 3 Beds, 2 Baths, 1 Car Spaces, 2 Ensuites",3,2,1,0,2
"Wingate Street Edwardstown SA 5039",352000,2012-02-28,700,90," 2 Beds, 1 Baths, 2 Car Spaces",2,1,2,0,0
"Wingate Street Edwardstown SA 5039",325000,2013-01-25,406,112," 3 Beds, 1 Baths, 1 Car Spaces",3,1,1,0,0
"Woodlands Terrace Edwardstown SA 5039",447450,2014-04-17,728,128," 3 Beds, 2 Baths, 1 Car Spaces, 1 Lock Up Garages",3,2,1,1,0
"Wooton Road Edwardstown SA 5039",545000,2014-04-17,704,170," 3 Beds, 1 Baths, 1 Car Spaces, 3 Lock Up Garages, 2 Ensuites",3,1,1,3,2
"Wooton Road Edwardstown SA 5039",390000,2011-10-28,273,108," 3 Beds, 1 Baths, 1 Lock Up Garages",3,1,0,1,0
"Wooton Road Edwardstown SA 5039",566000,2015-11-27,691,114," 3 Beds, 1 Baths, 4 Car Spaces, 4 Lock Up Garages, 1 Ensuites",3,1,4,4,1
"Wooton Road Edwardstown SA 5039",444000,2011-07-01,285,118," 3 Beds, 1 Baths, 1 Car Spaces, 1 Lock Up Garages",3,1,1,1,0
"Wooton Road Edwardstown SA 5039",435000,2011-03-01,281,120," 3 Beds, 1 Baths, 1 Car Spaces",3,1,1,0,0
"Wooton Road Edwardstown SA 5039",137671,2016-05-27,893,174," 3 Beds, 2 Baths, 2 Car Spaces, 1 Ensuites",3,2,2,0,1
"Wooton Road Edwardstown SA 5039",470200,2015-12-18,439,168," 3 Beds, 1 Baths, 1 Car Spaces, 1 Lock Up Garages, 1 Ensuites",3,1,1,1,1
"Wooton Road Edwardstown SA 5039",472000,2014-10-13,318,164," 3 Beds, 1 Baths, 2 Car Spaces, 1 Lock Up Garages, 2 Ensuites",3,1,2,1,2
"Wright Street Edwardstown SA 5039",2e+05,2014-03-20,688,150,"",0,0,0,0,0
"Wright Street Edwardstown SA 5039",125000,2012-06-07,688,145," 3 Beds, 2 Baths, 2 Car Spaces",3,2,2,0,0
"Wright Street Edwardstown SA 5039",490000,2015-04-17,418,158," 3 Beds, 2 Baths, 1 Car Spaces, 1 Lock Up Garages, 2 Ensuites",3,2,1,1,2
"Wright Street Edwardstown SA 5039",450000,2015-02-23,731,130," 3 Beds, 1 Baths, 2 Car Spaces, 1 Lock Up Garages, 1 Ensuites",3,1,2,1,1
"Wright Street Edwardstown SA 5039",430000,2013-04-12,368,145," 4 Beds, 2 Baths, 1 Car Spaces, 1 Lock Up Garages, 1 Ensuites",4,2,1,1,1
"Wright Street Edwardstown SA 5039",417500,2013-06-07,698,120," 3 Beds, 1 Baths, 2 Car Spaces, 2 Lock Up Garages",3,1,2,2,0
"Wright Street Edwardstown SA 5039",590000,2015-02-18,737,170," 3 Beds, 1 Baths, 1 Car Spaces, 1 Ensuites",3,1,1,0,1
"Wright Street Edwardstown SA 5039",535000,2012-10-08,697,123," 3 Beds, 1 Baths, 1 Car Spaces, 1 Lock Up Garages, 2 Ensuites",3,1,1,1,2
"Yanyarrie Avenue Edwardstown SA 5039",365000,2016-05-26,518,85," 3 Beds, 1 Baths, 2 Car Spaces, 2 Lock Up Garages, 1 Ensuites",3,1,2,2,1
"Yanyarrie Avenue Edwardstown SA 5039",207500,2013-02-04,384,68," 1 Beds, 1 Baths, 1 Car Spaces",1,1,1,0,0
